ISO-10303-21;
HEADER;
FILE_DESCRIPTION (( 'STEP AP214' ),
    '1' );
FILE_NAME ('LatticeDroneArmV2.STEP',
    '2026-08-04T02:58:48',
    ( '' ),
    ( '' ),
    'SwSTEP 2.0',
    'SolidWorks 2025',
    '' );
FILE_SCHEMA (( 'AUTOMOTIVE_DESIGN' ));
ENDSEC;

DATA;
#1 = LINE ( 'NONE', #964, #2644 ) ;
#2 = CARTESIAN_POINT ( 'NONE',  ( 8.500000000000000000, 15.00000000000000000, 7.350000000000000533 ) ) ;
#3 = ORIENTED_EDGE ( 'NONE', *, *, #159, .T. ) ;
#4 = CARTESIAN_POINT ( 'NONE',  ( 30.46552769193255727, 13.11398119160500997, 4.757868120028705405 ) ) ;
#5 = DIRECTION ( 'NONE',  ( -4.033246973425013136E-16, 0.7336731895847694584, -0.6795025024858341034 ) ) ;
#6 = ORIENTED_EDGE ( 'NONE', *, *, #1552, .F. ) ;
#7 = DIRECTION ( 'NONE',  ( -0.000000000000000000, 0.7336731895847673490, -0.6795025024858364349 ) ) ;
#8 = CARTESIAN_POINT ( 'NONE',  ( -15.26460602744324646, 0.000000000000000000, 1.253254279986792952 ) ) ;
#9 = CARTESIAN_POINT ( 'NONE',  ( 24.73539397255677841, 3.499999999999999556, 154.9714043947262780 ) ) ;
#10 = DIRECTION ( 'NONE',  ( -3.090499121305414175E-29, -1.000000000000000000, -2.401507812055390302E-13 ) ) ;
#11 = CARTESIAN_POINT ( 'NONE',  ( -15.26460602744323225, 3.499999999999785061, 103.8978681200286616 ) ) ;
#12 = DIRECTION ( 'NONE',  ( 0.000000000000000000, 1.000000000000000000, 0.000000000000000000 ) ) ;
#13 = EDGE_CURVE ( 'NONE', #607, #2255, #3019, .T. ) ;
#14 = VECTOR ( 'NONE', #1967, 1000.000000000000000 ) ;
#15 = ORIENTED_EDGE ( 'NONE', *, *, #594, .T. ) ;
#16 = CARTESIAN_POINT ( 'NONE',  ( 8.420984155169835006, 1.000000000000000000, 42.21183419698265027 ) ) ;
#17 = LINE ( 'NONE', #2513, #1787 ) ;
#18 = VERTEX_POINT ( 'NONE', #485 ) ;
#19 = DIRECTION ( 'NONE',  ( 0.000000000000000000, 0.000000000000000000, 1.000000000000000000 ) ) ;
#20 = EDGE_CURVE ( 'NONE', #2626, #2337, #911, .T. ) ;
#21 = AXIS2_PLACEMENT_3D ( 'NONE', #2665, #2913, #1393 ) ;
#22 = DIRECTION ( 'NONE',  ( 0.000000000000000000, 9.741112982886280969E-17, -1.000000000000000000 ) ) ;
#23 = ORIENTED_EDGE ( 'NONE', *, *, #2206, .T. ) ;
#24 = CARTESIAN_POINT ( 'NONE',  ( 3.025634833713477079, 7.237324924829606765, 162.7214043947323603 ) ) ;
#25 = AXIS2_PLACEMENT_3D ( 'NONE', #1882, #2879, #387 ) ;
#26 = EDGE_CURVE ( 'NONE', #2401, #2983, #2245, .T. ) ;
#27 = PLANE ( 'NONE',  #2540 ) ;
#28 = CARTESIAN_POINT ( 'NONE',  ( 30.73539397255676420, 3.499999999999566125, 96.52613581502389195 ) ) ;
#29 = LINE ( 'NONE', #1541, #3011 ) ;
#30 = CARTESIAN_POINT ( 'NONE',  ( -15.26460602744323047, 3.499999999999782396, 121.7061358150238988 ) ) ;
#31 = LINE ( 'NONE', #3070, #165 ) ;
#32 = ORIENTED_EDGE ( 'NONE', *, *, #1447, .T. ) ;
#33 = CARTESIAN_POINT ( 'NONE',  ( 4.553499122993581949, 5.936201672021077513, 167.2214043947202526 ) ) ;
#34 = DIRECTION ( 'NONE',  ( 1.286899466156778151E-16, 0.000000000000000000, 1.000000000000000000 ) ) ;
#35 = EDGE_LOOP ( 'NONE', ( #3119, #803, #3021, #2420 ) ) ;
#36 = CARTESIAN_POINT ( 'NONE',  ( -15.26460602744323580, 13.11398119160438291, 75.82655416469711440 ) ) ;
#37 = PRODUCT ( 'LatticeDroneArmV2', 'LatticeDroneArmV2', '', ( #1560 ) ) ;
#38 = CARTESIAN_POINT ( 'NONE',  ( 30.73539397255676420, 3.499999999999564793, 72.81786812002866327 ) ) ;
#39 = VERTEX_POINT ( 'NONE', #3243 ) ;
#40 = PLANE ( 'NONE',  #2192 ) ;
#41 = EDGE_CURVE ( 'NONE', #372, #1957, #2900, .T. ) ;
#42 = EDGE_CURVE ( 'NONE', #1957, #372, #76, .T. ) ;
#43 = EDGE_CURVE ( 'NONE', #1672, #1889, #749, .T. ) ;
#44 = FACE_OUTER_BOUND ( 'NONE', #1992, .T. ) ;
#45 = FACE_OUTER_BOUND ( 'NONE', #177, .T. ) ;
#46 = DIRECTION ( 'NONE',  ( -0.000000000000000000, -1.000000000000000000, -0.000000000000000000 ) ) ;
#47 = FACE_BOUND ( 'NONE', #1403, .T. ) ;
#48 = DIRECTION ( 'NONE',  ( -1.541976423090495831E-15, -8.995404500273531229E-17, -1.000000000000000000 ) ) ;
#49 = EDGE_CURVE ( 'NONE', #84, #437, #2524, .T. ) ;
#50 = VECTOR ( 'NONE', #1255, 1000.000000000000000 ) ;
#51 = ORIENTED_EDGE ( 'NONE', *, *, #1148, .T. ) ;
#52 = CARTESIAN_POINT ( 'NONE',  ( -15.26460602744322870, 3.500000000000002220, 134.9778681200286599 ) ) ;
#53 = CARTESIAN_POINT ( 'NONE',  ( 8.420984155169838559, 3.499999999999348077, 59.54613581502388797 ) ) ;
#54 = ORIENTED_EDGE ( 'NONE', *, *, #2069, .F. ) ;
#55 = LINE ( 'NONE', #2974, #2162 ) ;
#56 = VERTEX_POINT ( 'NONE', #11 ) ;
#57 = DIRECTION ( 'NONE',  ( 0.000000000000000000, 9.741112982886280969E-17, -1.000000000000000000 ) ) ;
#58 = ORIENTED_EDGE ( 'NONE', *, *, #1407, .F. ) ;
#59 = CIRCLE ( 'NONE', #2726, 2.249999999993923527 ) ;
#60 = ADVANCED_FACE ( 'NONE', ( #1770 ), #1494, .F. ) ;
#61 = DIRECTION ( 'NONE',  ( 0.000000000000000000, 1.000000000000000000, 0.000000000000000000 ) ) ;
#62 = FACE_OUTER_BOUND ( 'NONE', #929, .T. ) ;
#63 = CARTESIAN_POINT ( 'NONE',  ( -8.236741738150938019, 5.936201672021081954, 167.2214043947202242 ) ) ;
#64 = FACE_OUTER_BOUND ( 'NONE', #2358, .T. ) ;
#65 = DIRECTION ( 'NONE',  ( -1.000000000000000000, -0.000000000000000000, 1.286899466156778151E-16 ) ) ;
#66 = AXIS2_PLACEMENT_3D ( 'NONE', #2804, #1297, #306 ) ;
#67 = AXIS2_PLACEMENT_3D ( 'NONE', #2250, #1740, #2481 ) ;
#68 = ORIENTED_EDGE ( 'NONE', *, *, #1627, .T. ) ;
#69 = DIRECTION ( 'NONE',  ( 9.441636357651515467E-17, -0.6795025026914158772, 0.7336731893943667648 ) ) ;
#70 = EDGE_LOOP ( 'NONE', ( #1453, #1711, #756, #1349 ) ) ;
#71 = CARTESIAN_POINT ( 'NONE',  ( -3.982756142182843462, 15.00000000000000000, -10.02859560527365979 ) ) ;
#72 = ORIENTED_EDGE ( 'NONE', *, *, #658, .F. ) ;
#73 = LINE ( 'NONE', #1074, #623 ) ;
#74 = VECTOR ( 'NONE', #353, 1000.000000000000000 ) ;
#75 = VECTOR ( 'NONE', #1849, 1000.000000000000000 ) ;
#76 = CIRCLE ( 'NONE', #1339, 2.649999999999999467 ) ;
#77 = CARTESIAN_POINT ( 'NONE',  ( 1.063346975671366046, 11.26549654198872830, 17.85000000000000142 ) ) ;
#78 = CARTESIAN_POINT ( 'NONE',  ( 0.000000000000000000, 15.00000000000000000, 20.00000000000000000 ) ) ;
#79 = PLANE ( 'NONE',  #958 ) ;
#80 = VECTOR ( 'NONE', #602, 1000.000000000000000 ) ;
#81 = DIRECTION ( 'NONE',  ( 0.000000000000000000, 1.000000000000000000, 0.000000000000000000 ) ) ;
#82 = DIRECTION ( 'NONE',  ( 0.000000000000000000, 1.000000000000000000, 0.000000000000000000 ) ) ;
#83 = ADVANCED_FACE ( 'NONE', ( #2281 ), #248, .F. ) ;
#84 = VERTEX_POINT ( 'NONE', #2008 ) ;
#85 = EDGE_CURVE ( 'NONE', #1642, #653, #2217, .T. ) ;
#86 = CARTESIAN_POINT ( 'NONE',  ( 30.73539397255677486, 1.999999999999977573, 162.9714043947263633 ) ) ;
#87 = ORIENTED_EDGE ( 'NONE', *, *, #920, .F. ) ;
#88 = LINE ( 'NONE', #3075, #2270 ) ;
#89 = ORIENTED_EDGE ( 'NONE', *, *, #558, .F. ) ;
#90 = CARTESIAN_POINT ( 'NONE',  ( 8.420984155169891849, 1.000000000000000000, 138.6569945773395602 ) ) ;
#91 = CARTESIAN_POINT ( 'NONE',  ( -15.26460602744323403, 3.499999999999566125, 96.52613581502389195 ) ) ;
#92 = CARTESIAN_POINT ( 'NONE',  ( 16.73539397255682104, 15.00000000000000000, 189.9714043947262780 ) ) ;
#93 = PLANE ( 'NONE',  #2718 ) ;
#94 = LINE ( 'NONE', #1093, #1100 ) ;
#95 = EDGE_CURVE ( 'NONE', #2213, #1366, #476, .T. ) ;
#96 = ORIENTED_EDGE ( 'NONE', *, *, #193, .T. ) ;
#97 = FACE_OUTER_BOUND ( 'NONE', #2861, .T. ) ;
#98 = VERTEX_POINT ( 'NONE', #2272 ) ;
#99 = VECTOR ( 'NONE', #3124, 1000.000000000000000 ) ;
#100 = ORIENTED_EDGE ( 'NONE', *, *, #1984, .T. ) ;
#101 = CARTESIAN_POINT ( 'NONE',  ( 2.632990618166809235E-16, 0.000000000000000000, 2.149999999999999911 ) ) ;
#102 = VERTEX_POINT ( 'NONE', #1534 ) ;
#103 = FACE_BOUND ( 'NONE', #1378, .T. ) ;
#104 = LINE ( 'NONE', #2107, #1831 ) ;
#105 = ORIENTED_EDGE ( 'NONE', *, *, #1943, .F. ) ;
#106 = CARTESIAN_POINT ( 'NONE',  ( 24.73539397255681038, 13.11398119160503128, 174.9714043947263065 ) ) ;
#107 = VECTOR ( 'NONE', #2042, 1000.000000000000000 ) ;
#108 = VECTOR ( 'NONE', #2086, 1000.000000000000000 ) ;
#109 = CARTESIAN_POINT ( 'NONE',  ( 13.80000000000000071, 12.02130131171725758, 12.64999999999999858 ) ) ;
#110 = CARTESIAN_POINT ( 'NONE',  ( 7.525634833701304593, 5.936201672021084619, 167.2214043947202242 ) ) ;
#111 = VERTEX_POINT ( 'NONE', #966 ) ;
#112 = ADVANCED_FACE ( 'NONE', ( #495 ), #1745, .F. ) ;
#113 = DIRECTION ( 'NONE',  ( 0.000000000000000000, 0.000000000000000000, 1.000000000000000000 ) ) ;
#114 = ORIENTED_EDGE ( 'NONE', *, *, #2527, .F. ) ;
#115 = EDGE_LOOP ( 'NONE', ( #3004, #1214, #790, #2952, #508, #835, #1995 ) ) ;
#116 = FACE_OUTER_BOUND ( 'NONE', #639, .T. ) ;
#117 = ORIENTED_EDGE ( 'NONE', *, *, #43, .T. ) ;
#118 = ADVANCED_FACE ( 'NONE', ( #2958 ), #1730, .F. ) ;
#119 = LINE ( 'NONE', #627, #1471 ) ;
#120 = DIRECTION ( 'NONE',  ( -1.541976423090495633E-15, 0.000000000000000000, -1.000000000000000000 ) ) ;
#121 = VERTEX_POINT ( 'NONE', #772 ) ;
#122 = CARTESIAN_POINT ( 'NONE',  ( 8.500000000000000000, 15.00000000000000000, 12.65000000000000036 ) ) ;
#123 = EDGE_CURVE ( 'NONE', #915, #2216, #1501, .T. ) ;
#124 = AXIS2_PLACEMENT_3D ( 'NONE', #253, #793, #1997 ) ;
#125 = AXIS2_PLACEMENT_3D ( 'NONE', #1359, #1996, #2442 ) ;
#126 = CARTESIAN_POINT ( 'NONE',  ( 8.420984155169868757, 13.11398119160459963, 87.62200197002864854 ) ) ;
#127 = VECTOR ( 'NONE', #1144, 1000.000000000000000 ) ;
#128 = CARTESIAN_POINT ( 'NONE',  ( 8.500000000000000000, 12.02130131171725225, 12.65000000000000036 ) ) ;
#129 = ORIENTED_EDGE ( 'NONE', *, *, #658, .T. ) ;
#130 = FACE_BOUND ( 'NONE', #296, .T. ) ;
#131 = EDGE_LOOP ( 'NONE', ( #2377, #1431 ) ) ;
#132 = ORIENTED_EDGE ( 'NONE', *, *, #2927, .T. ) ;
#133 = ORIENTED_EDGE ( 'NONE', *, *, #2088, .F. ) ;
#134 = DIRECTION ( 'NONE',  ( 0.000000000000000000, 0.000000000000000000, 1.000000000000000000 ) ) ;
#135 = AXIS2_PLACEMENT_3D ( 'NONE', #521, #82, #2068 ) ;
#136 = ADVANCED_FACE ( 'NONE', ( #2499 ), #1237, .F. ) ;
#137 = LINE ( 'NONE', #2079, #2222 ) ;
#138 = EDGE_CURVE ( 'NONE', #39, #3162, #2533, .T. ) ;
#139 = FACE_BOUND ( 'NONE', #2190, .T. ) ;
#140 = VERTEX_POINT ( 'NONE', #4 ) ;
#141 = CARTESIAN_POINT ( 'NONE',  ( 8.420984155169836782, 4.011751173786411329, 42.21183419698265027 ) ) ;
#142 = EDGE_CURVE ( 'NONE', #382, #598, #999, .T. ) ;
#143 = FACE_OUTER_BOUND ( 'NONE', #3176, .T. ) ;
#144 = LINE ( 'NONE', #788, #2066 ) ;
#145 = ORIENTED_EDGE ( 'NONE', *, *, #952, .F. ) ;
#146 = LINE ( 'NONE', #895, #1009 ) ;
#147 = EDGE_LOOP ( 'NONE', ( #950, #100, #2903, #2794 ) ) ;
#148 = ORIENTED_EDGE ( 'NONE', *, *, #2781, .F. ) ;
#149 = ORIENTED_EDGE ( 'NONE', *, *, #1629, .F. ) ;
#150 = DIRECTION ( 'NONE',  ( 1.000000000000000000, 0.000000000000000000, -3.579015818096174421E-15 ) ) ;
#151 = VECTOR ( 'NONE', #3225, 1000.000000000000000 ) ;
#152 = DIRECTION ( 'NONE',  ( 0.000000000000000000, 0.000000000000000000, -1.000000000000000000 ) ) ;
#153 = DIRECTION ( 'NONE',  ( -0.000000000000000000, -1.000000000000000000, -0.000000000000000000 ) ) ;
#154 = ORIENTED_EDGE ( 'NONE', *, *, #218, .F. ) ;
#155 = DIRECTION ( 'NONE',  ( 1.445602896647337931E-16, -2.401507812055390302E-13, 1.000000000000000000 ) ) ;
#156 = ADVANCED_FACE ( 'NONE', ( #1021 ), #1955, .F. ) ;
#157 = ORIENTED_EDGE ( 'NONE', *, *, #860, .T. ) ;
#158 = DIRECTION ( 'NONE',  ( -8.995404500273531229E-17, -8.995404500273531229E-17, -1.000000000000000000 ) ) ;
#159 = EDGE_CURVE ( 'NONE', #2706, #1854, #1069, .T. ) ;
#160 = DIRECTION ( 'NONE',  ( 0.000000000000000000, 0.7336731895847693474, -0.6795025024858341034 ) ) ;
#161 = ORIENTED_EDGE ( 'NONE', *, *, #1520, .F. ) ;
#162 = VERTEX_POINT ( 'NONE', #3235 ) ;
#163 = ORIENTED_EDGE ( 'NONE', *, *, #1388, .F. ) ;
#164 = CARTESIAN_POINT ( 'NONE',  ( 7.525634833701304593, 15.00000000000000000, 162.7214043947323603 ) ) ;
#165 = VECTOR ( 'NONE', #3035, 999.9999999999998863 ) ;
#166 = CIRCLE ( 'NONE', #689, 2.249999999993923527 ) ;
#167 = LINE ( 'NONE', #690, #1261 ) ;
#168 = DIRECTION ( 'NONE',  ( 0.000000000000000000, 1.000000000000000000, 0.000000000000000000 ) ) ;
#169 = ORIENTED_EDGE ( 'NONE', *, *, #1143, .F. ) ;
#170 = DIRECTION ( 'NONE',  ( 0.000000000000000000, -1.000000000000000000, 7.492070160219515781E-15 ) ) ;
#171 = VECTOR ( 'NONE', #355, 1000.000000000000000 ) ;
#172 = CARTESIAN_POINT ( 'NONE',  ( 8.500000000000000000, 0.000000000000000000, 10.00000000000000000 ) ) ;
#173 = VECTOR ( 'NONE', #1467, 1000.000000000000114 ) ;
#174 = ORIENTED_EDGE ( 'NONE', *, *, #473, .F. ) ;
#175 = EDGE_CURVE ( 'NONE', #2613, #2234, #2218, .T. ) ;
#176 = FACE_BOUND ( 'NONE', #532, .T. ) ;
#177 = EDGE_LOOP ( 'NONE', ( #543, #1857, #1264, #1696 ) ) ;
#178 = EDGE_CURVE ( 'NONE', #39, #2203, #2468, .T. ) ;
#179 = VERTEX_POINT ( 'NONE', #2484 ) ;
#180 = VECTOR ( 'NONE', #1999, 1000.000000000000000 ) ;
#181 = EDGE_CURVE ( 'NONE', #1418, #1423, #231, .T. ) ;
#182 = ORIENTED_EDGE ( 'NONE', *, *, #720, .T. ) ;
#183 = DIRECTION ( 'NONE',  ( 0.000000000000000000, 1.000000000000000000, 0.000000000000000000 ) ) ;
#184 = DIRECTION ( 'NONE',  ( -1.799080900054706246E-16, -8.995404500273531229E-17, -1.000000000000000000 ) ) ;
#185 = VERTEX_POINT ( 'NONE', #3218 ) ;
#186 = FILL_AREA_STYLE_COLOUR ( '', #2693 ) ;
#187 = FACE_OUTER_BOUND ( 'NONE', #2182, .T. ) ;
#188 = ORIENTED_EDGE ( 'NONE', *, *, #739, .F. ) ;
#189 = PLANE ( 'NONE',  #987 ) ;
#190 = DIRECTION ( 'NONE',  ( 8.744514077012157203E-17, -0.7336731895847690144, 0.6795025024858346585 ) ) ;
#191 = ORIENTED_EDGE ( 'NONE', *, *, #2809, .T. ) ;
#192 = EDGE_LOOP ( 'NONE', ( #1070, #737, #3204 ) ) ;
#193 = EDGE_CURVE ( 'NONE', #140, #771, #1993, .T. ) ;
#194 = VERTEX_POINT ( 'NONE', #738 ) ;
#195 = LINE ( 'NONE', #1893, #3105 ) ;
#196 = UNCERTAINTY_MEASURE_WITH_UNIT (LENGTH_MEASURE( 1.000000000000000082E-05 ), #697, 'distance_accuracy_value', 'NONE');
#197 = DIRECTION ( 'NONE',  ( -0.000000000000000000, -1.000000000000000000, -0.000000000000000000 ) ) ;
#198 = EDGE_LOOP ( 'NONE', ( #997, #867, #2077, #1921, #1732, #1469, #2658, #2640, #2197, #2691, #2610 ) ) ;
#199 = CARTESIAN_POINT ( 'NONE',  ( 8.420984155169891849, 3.499999999999560796, 138.6569945773395602 ) ) ;
#200 = AXIS2_PLACEMENT_3D ( 'NONE', #1454, #3015, #2294 ) ;
#201 = FACE_OUTER_BOUND ( 'NONE', #2970, .T. ) ;
#202 = VERTEX_POINT ( 'NONE', #1885 ) ;
#203 = FACE_OUTER_BOUND ( 'NONE', #846, .T. ) ;
#204 = DIRECTION ( 'NONE',  ( -1.000000000000000000, 0.000000000000000000, 1.541976423090495831E-15 ) ) ;
#205 = ORIENTED_EDGE ( 'NONE', *, *, #1395, .T. ) ;
#206 = AXIS2_PLACEMENT_3D ( 'NONE', #2469, #673, #2960 ) ;
#207 = AXIS2_PLACEMENT_3D ( 'NONE', #832, #2576, #2807 ) ;
#208 = ORIENTED_EDGE ( 'NONE', *, *, #282, .F. ) ;
#209 = EDGE_CURVE ( 'NONE', #3224, #897, #2734, .T. ) ;
#210 = VERTEX_POINT ( 'NONE', #2041 ) ;
#211 = DIRECTION ( 'NONE',  ( 1.000000000000000000, -0.000000000000000000, -0.000000000000000000 ) ) ;
#212 = ORIENTED_EDGE ( 'NONE', *, *, #236, .F. ) ;
#213 = CARTESIAN_POINT ( 'NONE',  ( 30.73539397255675354, 3.499999999999999556, 4.757868120028676984 ) ) ;
#214 = CARTESIAN_POINT ( 'NONE',  ( -5.264606027443223368, 15.00000000000000000, 164.9714043947263065 ) ) ;
#215 = ORIENTED_EDGE ( 'NONE', *, *, #2410, .F. ) ;
#216 =( NAMED_UNIT ( * ) SI_UNIT ( $, .STERADIAN. ) SOLID_ANGLE_UNIT ( ) );
#217 = EDGE_CURVE ( 'NONE', #2437, #2462, #1035, .T. ) ;
#218 = EDGE_CURVE ( 'NONE', #2142, #662, #389, .T. ) ;
#219 = CARTESIAN_POINT ( 'NONE',  ( 0.000000000000000000, 0.000000000000000000, 0.000000000000000000 ) ) ;
#220 = EDGE_LOOP ( 'NONE', ( #721, #157, #1094, #1460 ) ) ;
#221 = CARTESIAN_POINT ( 'NONE',  ( -5.264606027443223368, 15.00000000000000000, 164.9714043947263065 ) ) ;
#222 = CARTESIAN_POINT ( 'NONE',  ( -15.26460602744324291, 3.499999999999130917, 28.46613581502390389 ) ) ;
#223 = ORIENTED_EDGE ( 'NONE', *, *, #3170, .T. ) ;
#224 = ORIENTED_EDGE ( 'NONE', *, *, #1594, .F. ) ;
#225 = VECTOR ( 'NONE', #1901, 1000.000000000000114 ) ;
#226 = AXIS2_PLACEMENT_3D ( 'NONE', #991, #503, #2018 ) ;
#227 = ORIENTED_EDGE ( 'NONE', *, *, #930, .T. ) ;
#228 = DIRECTION ( 'NONE',  ( 0.7123596848290352224, -0.000000000000000000, -0.7018145619964561988 ) ) ;
#229 = CARTESIAN_POINT ( 'NONE',  ( -5.264606027443223368, 11.40506787167026204, 167.2214043947202242 ) ) ;
#230 = VERTEX_POINT ( 'NONE', #3115 ) ;
#231 = LINE ( 'NONE', #213, #3163 ) ;
#232 = CIRCLE ( 'NONE', #1963, 2.249999999993923527 ) ;
#233 = CARTESIAN_POINT ( 'NONE',  ( 10.75438845411507494, 4.817257164054414176, 11.87786573286582836 ) ) ;
#234 = ORIENTED_EDGE ( 'NONE', *, *, #95, .F. ) ;
#235 = EDGE_CURVE ( 'NONE', #2167, #3091, #844, .T. ) ;
#236 = EDGE_CURVE ( 'NONE', #961, #2607, #1492, .T. ) ;
#237 = FACE_BOUND ( 'NONE', #1922, .T. ) ;
#238 = CARTESIAN_POINT ( 'NONE',  ( 30.73539397255677130, 13.11398119160481812, 137.9865541646971394 ) ) ;
#239 = CARTESIAN_POINT ( 'NONE',  ( -5.264606027443180736, 15.00000000000000000, 179.9714043947262780 ) ) ;
#240 = EDGE_CURVE ( 'NONE', #2855, #277, #1623, .T. ) ;
#241 = ORIENTED_EDGE ( 'NONE', *, *, #378, .F. ) ;
#242 = CARTESIAN_POINT ( 'NONE',  ( 14.89508724034909193, 13.11398119160416620, 19.56200197002864982 ) ) ;
#243 =( BOUNDED_CURVE ( )  B_SPLINE_CURVE ( 3, ( #2586, #1041, #795, #1802 ),
 .UNSPECIFIED., .F., .F. ) 
 B_SPLINE_CURVE_WITH_KNOTS ( ( 4, 4 ),
 ( 3.141592653589793116, 5.807303057524324963 ),
 .UNSPECIFIED. ) 
 CURVE ( )  GEOMETRIC_REPRESENTATION_ITEM ( )  RATIONAL_B_SPLINE_CURVE ( ( 1.000000000000000000, 0.4904681735953405619, 0.4904681735953405619, 1.000000000000000000 ) ) 
 REPRESENTATION_ITEM ( '' )  );
#244 = EDGE_LOOP ( 'NONE', ( #403, #2788, #2480, #1239, #2866, #2617, #766, #1181, #1952, #1216, #1970, #1554, #973, #68 ) ) ;
#245 = CARTESIAN_POINT ( 'NONE',  ( -5.264606027443223368, 15.00000000000000000, 164.9714043947263065 ) ) ;
#246 = CARTESIAN_POINT ( 'NONE',  ( -15.26460602744322870, 1.000000000000000000, 138.6569945773395602 ) ) ;
#247 = ORIENTED_EDGE ( 'NONE', *, *, #259, .T. ) ;
#248 = PLANE ( 'NONE',  #2587 ) ;
#249 = LINE ( 'NONE', #38, #3144 ) ;
#250 = VERTEX_POINT ( 'NONE', #2132 ) ;
#251 = CARTESIAN_POINT ( 'NONE',  ( 20.73658061723904211, 15.00000000000000000, -10.02859560527374860 ) ) ;
#252 = EDGE_CURVE ( 'NONE', #1530, #540, #1641, .T. ) ;
#253 = CARTESIAN_POINT ( 'NONE',  ( 0.000000000000000000, 15.00000000000000000, 20.00000000000000000 ) ) ;
#254 = CYLINDRICAL_SURFACE ( 'NONE', #1710, 2.249999999993868016 ) ;
#255 = DIRECTION ( 'NONE',  ( -0.000000000000000000, -1.000000000000000000, -0.000000000000000000 ) ) ;
#256 = VECTOR ( 'NONE', #120, 1000.000000000000000 ) ;
#257 = DIRECTION ( 'NONE',  ( -1.000000000000000000, -0.000000000000000000, 1.286899466156778151E-16 ) ) ;
#258 = DIRECTION ( 'NONE',  ( 0.000000000000000000, 0.000000000000000000, 1.000000000000000000 ) ) ;
#259 = EDGE_CURVE ( 'NONE', #1151, #624, #3042, .T. ) ;
#260 = VERTEX_POINT ( 'NONE', #1362 ) ;
#261 = VECTOR ( 'NONE', #1219, 999.9999999999998863 ) ;
#262 = CARTESIAN_POINT ( 'NONE',  ( -15.26460602744323580, 13.11398119160459963, 81.72200197002865707 ) ) ;
#263 = DIRECTION ( 'NONE',  ( -0.5677648664912315901, -0.6039530034619547960, 0.5593601934241282381 ) ) ;
#264 = VERTEX_POINT ( 'NONE', #2636 ) ;
#265 = CARTESIAN_POINT ( 'NONE',  ( 8.420984155169882968, 1.239619470486489128, 123.7996213725973149 ) ) ;
#266 = LINE ( 'NONE', #1269, #1099 ) ;
#267 = ORIENTED_EDGE ( 'NONE', *, *, #998, .T. ) ;
#268 = DIRECTION ( 'NONE',  ( -3.090499121305414175E-29, -1.000000000000000000, -2.401507812055390302E-13 ) ) ;
#269 = DIRECTION ( 'NONE',  ( 0.000000000000000000, 1.000000000000000000, 0.000000000000000000 ) ) ;
#270 = CARTESIAN_POINT ( 'NONE',  ( 8.420984155169835006, 1.000000000000000000, 42.21183419698265027 ) ) ;
#271 = CARTESIAN_POINT ( 'NONE',  ( 15.52521065975321868, 10.31966511132194064, 22.14999999999999503 ) ) ;
#272 = CARTESIAN_POINT ( 'NONE',  ( 8.500000000000000000, 15.00000000000000000, 10.00000000000000000 ) ) ;
#273 = FACE_BOUND ( 'NONE', #2580, .T. ) ;
#274 = VECTOR ( 'NONE', #2811, 1000.000000000000000 ) ;
#275 = CARTESIAN_POINT ( 'NONE',  ( 17.00000000000000000, 15.00000000000000000, 20.00000000000000000 ) ) ;
#276 = ADVANCED_FACE ( 'NONE', ( #1286 ), #1397, .F. ) ;
#277 = VERTEX_POINT ( 'NONE', #2291 ) ;
#278 = CARTESIAN_POINT ( 'NONE',  ( 8.420984155169891849, 13.99999999999999822, 138.6569945773395602 ) ) ;
#279 = CARTESIAN_POINT ( 'NONE',  ( 17.00000000000000000, 0.000000000000000000, 2.149999999999997691 ) ) ;
#280 = EDGE_CURVE ( 'NONE', #2137, #960, #379, .T. ) ;
#281 = ORIENTED_EDGE ( 'NONE', *, *, #2268, .F. ) ;
#282 = EDGE_CURVE ( 'NONE', #1476, #2138, #144, .T. ) ;
#283 = VECTOR ( 'NONE', #763, 1000.000000000000000 ) ;
#284 = PRESENTATION_LAYER_ASSIGNMENT (  '', '', ( #3216 ) ) ;
#285 = CARTESIAN_POINT ( 'NONE',  ( 8.420984155169891849, 15.00000000000000000, 138.6569945773395602 ) ) ;
#286 = ORIENTED_EDGE ( 'NONE', *, *, #2247, .F. ) ;
#287 = LINE ( 'NONE', #1555, #779 ) ;
#288 = LINE ( 'NONE', #2995, #544 ) ;
#289 = FACE_OUTER_BOUND ( 'NONE', #35, .T. ) ;
#290 = CARTESIAN_POINT ( 'NONE',  ( 0.000000000000000000, 15.00000000000000000, 17.85000000000000142 ) ) ;
#291 = PLANE ( 'NONE',  #2004 ) ;
#292 = AXIS2_PLACEMENT_3D ( 'NONE', #535, #1242, #2556 ) ;
#293 = VERTEX_POINT ( 'NONE', #1610 ) ;
#294 = DIRECTION ( 'NONE',  ( -0.000000000000000000, -1.000000000000000000, -0.000000000000000000 ) ) ;
#295 = CARTESIAN_POINT ( 'NONE',  ( -15.26460602744324646, 0.000000000000000000, 1.253254279986792952 ) ) ;
#296 = EDGE_LOOP ( 'NONE', ( #2721, #1364 ) ) ;
#297 = EDGE_CURVE ( 'NONE', #1226, #884, #617, .T. ) ;
#298 = PLANE ( 'NONE',  #2934 ) ;
#299 = ORIENTED_EDGE ( 'NONE', *, *, #2787, .T. ) ;
#300 = FACE_OUTER_BOUND ( 'NONE', #1776, .T. ) ;
#301 = VERTEX_POINT ( 'NONE', #651 ) ;
#302 = CARTESIAN_POINT ( 'NONE',  ( 30.73539397255677130, 3.499999999999998668, 134.9778681200286599 ) ) ;
#303 = LINE ( 'NONE', #9, #1971 ) ;
#304 = CARTESIAN_POINT ( 'NONE',  ( 0.000000000000000000, 15.00000000000000000, 20.00000000000000000 ) ) ;
#305 = CARTESIAN_POINT ( 'NONE',  ( 30.73539397255677841, 13.11398119160503484, 169.0665541646970667 ) ) ;
#306 = DIRECTION ( 'NONE',  ( 0.000000000000000000, -0.7336731895847694584, 0.6795025024858341034 ) ) ;
#307 = VECTOR ( 'NONE', #158, 1000.000000000000000 ) ;
#308 = ORIENTED_EDGE ( 'NONE', *, *, #41, .F. ) ;
#309 = DIRECTION ( 'NONE',  ( -1.000000000000000000, -0.000000000000000000, 1.286899466156778151E-16 ) ) ;
#310 = EDGE_LOOP ( 'NONE', ( #570, #1448, #2902, #629, #1141 ) ) ;
#311 = VECTOR ( 'NONE', #419, 999.9999999999998863 ) ;
#312 = PLANE ( 'NONE',  #3001 ) ;
#313 = ORIENTED_EDGE ( 'NONE', *, *, #2707, .T. ) ;
#314 = DIRECTION ( 'NONE',  ( 0.000000000000000000, 0.7336731893943658767, 0.6795025026914168764 ) ) ;
#315 = CIRCLE ( 'NONE', #2257, 2.249999999993923527 ) ;
#316 = DIRECTION ( 'NONE',  ( -1.157618124926628724E-32, 1.000000000000000000, -8.995404500273531229E-17 ) ) ;
#317 = CARTESIAN_POINT ( 'NONE',  ( -5.264606027443180736, 15.00000000000000000, 177.7214043947324171 ) ) ;
#318 = DIRECTION ( 'NONE',  ( -0.000000000000000000, 0.000000000000000000, -1.000000000000000000 ) ) ;
#319 = EDGE_CURVE ( 'NONE', #140, #1418, #3145, .T. ) ;
#320 = EDGE_CURVE ( 'NONE', #961, #467, #1377, .T. ) ;
#321 =( BOUNDED_CURVE ( )  B_SPLINE_CURVE ( 3, ( #3094, #2342, #2064, #1879 ),
 .UNSPECIFIED., .F., .F. ) 
 B_SPLINE_CURVE_WITH_KNOTS ( ( 4, 4 ),
 ( 1.821671799553888915, 3.141592653589793116 ),
 .UNSPECIFIED. ) 
 CURVE ( )  GEOMETRIC_REPRESENTATION_ITEM ( )  RATIONAL_B_SPLINE_CURVE ( ( 1.000000000000000000, 0.8600109958273085553, 0.8600109958273085553, 1.000000000000000000 ) ) 
 REPRESENTATION_ITEM ( '' )  );
#322 = FACE_OUTER_BOUND ( 'NONE', #493, .T. ) ;
#323 = CARTESIAN_POINT ( 'NONE',  ( 17.00000000000000000, 0.000000000000000000, 17.85000000000000142 ) ) ;
#324 = VECTOR ( 'NONE', #65, 1000.000000000000000 ) ;
#325 = VECTOR ( 'NONE', #2155, 1000.000000000000000 ) ;
#326 = ORIENTED_EDGE ( 'NONE', *, *, #1138, .T. ) ;
#327 = DIRECTION ( 'NONE',  ( -1.000000000000000000, -0.000000000000000000, 1.286899466156778151E-16 ) ) ;
#328 = ORIENTED_EDGE ( 'NONE', *, *, #2947, .F. ) ;
#329 = AXIS2_PLACEMENT_3D ( 'NONE', #1132, #3117, #2854 ) ;
#330 = CYLINDRICAL_SURFACE ( 'NONE', #744, 2.149999999999999023 ) ;
#331 = VECTOR ( 'NONE', #257, 1000.000000000000000 ) ;
#332 = EDGE_LOOP ( 'NONE', ( #2195, #963 ) ) ;
#333 = CARTESIAN_POINT ( 'NONE',  ( -1.063346975671366490, 11.26549654198872830, 17.85000000000000142 ) ) ;
#334 = DIRECTION ( 'NONE',  ( 0.000000000000000000, 0.000000000000000000, -1.000000000000000000 ) ) ;
#335 = CARTESIAN_POINT ( 'NONE',  ( -15.26460602744322337, 13.11398119160503128, 174.9714043947263065 ) ) ;
#336 = CARTESIAN_POINT ( 'NONE',  ( -15.26460602744323936, 13.11398119160438291, 50.64200197002864456 ) ) ;
#337 = EDGE_CURVE ( 'NONE', #1162, #1337, #1052, .T. ) ;
#338 = CARTESIAN_POINT ( 'NONE',  ( 17.00000000000000000, 15.00000000000000000, 0.000000000000000000 ) ) ;
#339 = EDGE_CURVE ( 'NONE', #230, #768, #94, .T. ) ;
#340 = CARTESIAN_POINT ( 'NONE',  ( 3.200000000000002398, 6.298779483779229693, 7.350000000000001421 ) ) ;
#341 = ORIENTED_EDGE ( 'NONE', *, *, #1845, .F. ) ;
#342 = CARTESIAN_POINT ( 'NONE',  ( -15.26460602744322692, 3.499999999999999112, 152.7861358150238971 ) ) ;
#343 = ORIENTED_EDGE ( 'NONE', *, *, #1928, .F. ) ;
#344 = ORIENTED_EDGE ( 'NONE', *, *, #3009, .T. ) ;
#345 = FACE_OUTER_BOUND ( 'NONE', #2628, .T. ) ;
#346 = ORIENTED_EDGE ( 'NONE', *, *, #193, .F. ) ;
#347 = LINE ( 'NONE', #380, #1630 ) ;
#348 = CARTESIAN_POINT ( 'NONE',  ( -5.264606027443223368, 7.237324924829596995, 162.7214043947323603 ) ) ;
#349 = ORIENTED_EDGE ( 'NONE', *, *, #1827, .T. ) ;
#350 = PLANE ( 'NONE',  #125 ) ;
#351 = EDGE_CURVE ( 'NONE', #2255, #194, #3099, .T. ) ;
#352 = FACE_OUTER_BOUND ( 'NONE', #2729, .T. ) ;
#353 = DIRECTION ( 'NONE',  ( -0.005154667842341226214, -0.7336634422609883410, -0.6794934752366593722 ) ) ;
#354 = VERTEX_POINT ( 'NONE', #1016 ) ;
#355 = DIRECTION ( 'NONE',  ( -0.000000000000000000, -1.000000000000000000, -0.000000000000000000 ) ) ;
#356 = ORIENTED_EDGE ( 'NONE', *, *, #2660, .F. ) ;
#357 = EDGE_CURVE ( 'NONE', #185, #210, #527, .T. ) ;
#358 = ORIENTED_EDGE ( 'NONE', *, *, #1042, .T. ) ;
#359 = AXIS2_PLACEMENT_3D ( 'NONE', #1684, #1240, #2680 ) ;
#360 = CARTESIAN_POINT ( 'NONE',  ( 30.58401425420946396, 3.499999999999130473, 20.37688537445799852 ) ) ;
#361 = ORIENTED_EDGE ( 'NONE', *, *, #1034, .F. ) ;
#362 = EDGE_CURVE ( 'NONE', #1628, #1530, #1794, .T. ) ;
#363 = FACE_OUTER_BOUND ( 'NONE', #2424, .T. ) ;
#364 = DIRECTION ( 'NONE',  ( -0.000000000000000000, -1.000000000000000000, -0.000000000000000000 ) ) ;
#365 = ORIENTED_EDGE ( 'NONE', *, *, #1670, .F. ) ;
#366 = CARTESIAN_POINT ( 'NONE',  ( -15.26460602744324646, 15.00000000000000000, 1.253254279986792952 ) ) ;
#367 = CIRCLE ( 'NONE', #1207, 2.149999999999999023 ) ;
#368 = PLANE ( 'NONE',  #2959 ) ;
#369 = DIRECTION ( 'NONE',  ( 0.000000000000000000, -0.7336731893943658767, -0.6795025026914168764 ) ) ;
#370 = ORIENTED_EDGE ( 'NONE', *, *, #1584, .T. ) ;
#371 = CARTESIAN_POINT ( 'NONE',  ( 8.420984155169891849, 14.31903719636858341, 139.2876785599847551 ) ) ;
#372 = VERTEX_POINT ( 'NONE', #3040 ) ;
#373 = ORIENTED_EDGE ( 'NONE', *, *, #1620, .T. ) ;
#374 = ADVANCED_FACE ( 'NONE', ( #786, #819 ), #801, .F. ) ;
#375 = EDGE_LOOP ( 'NONE', ( #572, #1117, #1907, #899 ) ) ;
#376 = ORIENTED_EDGE ( 'NONE', *, *, #2905, .T. ) ;
#377 = DIRECTION ( 'NONE',  ( -0.7123596848290351113, -6.836454941442328415E-17, 0.7018145619964561988 ) ) ;
#378 = EDGE_CURVE ( 'NONE', #1174, #2937, #1526, .T. ) ;
#379 =( BOUNDED_CURVE ( )  B_SPLINE_CURVE ( 3, ( #110, #1111, #1146, #2113 ),
 .UNSPECIFIED., .F., .F. ) 
 B_SPLINE_CURVE_WITH_KNOTS ( ( 4, 4 ),
 ( 3.141592653589793116, 5.807303057524335621 ),
 .UNSPECIFIED. ) 
 CURVE ( )  GEOMETRIC_REPRESENTATION_ITEM ( )  RATIONAL_B_SPLINE_CURVE ( ( 1.000000000000000000, 0.4904681735953371202, 0.4904681735953371202, 1.000000000000000000 ) ) 
 REPRESENTATION_ITEM ( '' )  );
#380 = CARTESIAN_POINT ( 'NONE',  ( -15.26460602744322692, 13.11398119160503306, 143.8820019700285968 ) ) ;
#381 = CARTESIAN_POINT ( 'NONE',  ( 8.420984155169891849, 13.11398119160460318, 138.6569945773395602 ) ) ;
#382 = VERTEX_POINT ( 'NONE', #2530 ) ;
#383 = DIRECTION ( 'NONE',  ( -0.000000000000000000, -1.000000000000000000, -0.000000000000000000 ) ) ;
#384 = VECTOR ( 'NONE', #2622, 1000.000000000000000 ) ;
#385 = CIRCLE ( 'NONE', #1701, 2.149999999999997691 ) ;
#386 = AXIS2_PLACEMENT_3D ( 'NONE', #3050, #46, #1059 ) ;
#387 = DIRECTION ( 'NONE',  ( 0.000000000000000000, 0.000000000000000000, 1.000000000000000000 ) ) ;
#388 = CIRCLE ( 'NONE', #496, 2.149999999999999023 ) ;
#389 = LINE ( 'NONE', #2364, #2898 ) ;
#390 = EDGE_LOOP ( 'NONE', ( #1616, #2209, #2194, #1906 ) ) ;
#391 = LINE ( 'NONE', #342, #748 ) ;
#392 = ORIENTED_EDGE ( 'NONE', *, *, #1785, .F. ) ;
#393 = ORIENTED_EDGE ( 'NONE', *, *, #3246, .T. ) ;
#394 = ORIENTED_EDGE ( 'NONE', *, *, #3170, .F. ) ;
#395 = DIRECTION ( 'NONE',  ( -0.000000000000000000, -1.000000000000000000, -0.000000000000000000 ) ) ;
#396 = EDGE_CURVE ( 'NONE', #1614, #1743, #1838, .T. ) ;
#397 = AXIS2_PLACEMENT_3D ( 'NONE', #1980, #3031, #2996 ) ;
#398 = CARTESIAN_POINT ( 'NONE',  ( 8.420984155169835006, 3.499999999999348965, 42.21183419698265027 ) ) ;
#399 = DIRECTION ( 'NONE',  ( -8.995404500273533695E-17, -8.995404500273533695E-17, -1.000000000000000000 ) ) ;
#400 = ORIENTED_EDGE ( 'NONE', *, *, #1391, .T. ) ;
#401 = FACE_OUTER_BOUND ( 'NONE', #310, .T. ) ;
#402 = LINE ( 'NONE', #2379, #1496 ) ;
#403 = ORIENTED_EDGE ( 'NONE', *, *, #761, .F. ) ;
#404 = DIRECTION ( 'NONE',  ( 0.000000000000000000, 0.000000000000000000, -1.000000000000000000 ) ) ;
#405 = DIRECTION ( 'NONE',  ( 8.744514077012157203E-17, -0.7336731895847690144, 0.6795025024858346585 ) ) ;
#406 = ORIENTED_EDGE ( 'NONE', *, *, #1986, .F. ) ;
#407 = ORIENTED_EDGE ( 'NONE', *, *, #2370, .F. ) ;
#408 = ORIENTED_EDGE ( 'NONE', *, *, #1083, .F. ) ;
#409 = CARTESIAN_POINT ( 'NONE',  ( 19.54599154785901760, 13.11398119160503306, 149.7820019700285741 ) ) ;
#410 = VECTOR ( 'NONE', #2497, 1000.000000000000000 ) ;
#411 = CARTESIAN_POINT ( 'NONE',  ( 30.73539397255677130, 13.11398119160503306, 149.7820019700285741 ) ) ;
#412 = CARTESIAN_POINT ( 'NONE',  ( 2.632990618166808249E-16, 15.00000000000000000, 22.14999999999999858 ) ) ;
#413 = ORIENTED_EDGE ( 'NONE', *, *, #1101, .F. ) ;
#414 = AXIS2_PLACEMENT_3D ( 'NONE', #1372, #2375, #2584 ) ;
#415 = EDGE_CURVE ( 'NONE', #2886, #260, #367, .T. ) ;
#416 = DIRECTION ( 'NONE',  ( 0.000000000000000000, 0.000000000000000000, 1.000000000000000000 ) ) ;
#417 = EDGE_CURVE ( 'NONE', #897, #1724, #1283, .T. ) ;
#418 = ORIENTED_EDGE ( 'NONE', *, *, #2943, .T. ) ;
#419 = DIRECTION ( 'NONE',  ( 1.226077854277949192E-16, 0.6795025024858346585, 0.7336731895847690144 ) ) ;
#420 = DIRECTION ( 'NONE',  ( 0.000000000000000000, 0.000000000000000000, 1.000000000000000000 ) ) ;
#421 = VERTEX_POINT ( 'NONE', #279 ) ;
#422 = ORIENTED_EDGE ( 'NONE', *, *, #1395, .F. ) ;
#423 = ORIENTED_EDGE ( 'NONE', *, *, #717, .F. ) ;
#424 = DIRECTION ( 'NONE',  ( -1.157618124926628724E-32, 1.000000000000000000, -8.995404500273531229E-17 ) ) ;
#425 = APPLICATION_CONTEXT ( 'automotive_design' ) ;
#426 = VECTOR ( 'NONE', #3022, 1000.000000000000000 ) ;
#427 = DIRECTION ( 'NONE',  ( 0.000000000000000000, 8.995404500273531229E-17, 1.000000000000000000 ) ) ;
#428 = ORIENTED_EDGE ( 'NONE', *, *, #502, .F. ) ;
#429 = FACE_BOUND ( 'NONE', #2806, .T. ) ;
#430 = CIRCLE ( 'NONE', #1276, 2.149999999999999023 ) ;
#431 = FACE_OUTER_BOUND ( 'NONE', #2544, .T. ) ;
#432 = EDGE_CURVE ( 'NONE', #84, #960, #2773, .T. ) ;
#433 = VERTEX_POINT ( 'NONE', #588 ) ;
#434 = CARTESIAN_POINT ( 'NONE',  ( -15.26460602744323403, 13.11398119160459963, 87.62200197002864854 ) ) ;
#435 = CIRCLE ( 'NONE', #910, 2.249999999993895550 ) ;
#436 = CARTESIAN_POINT ( 'NONE',  ( 8.420984155169835006, 15.00000000000000000, 42.21183419698265027 ) ) ;
#437 = VERTEX_POINT ( 'NONE', #2039 ) ;
#438 = ORIENTED_EDGE ( 'NONE', *, *, #1247, .F. ) ;
#439 = VECTOR ( 'NONE', #255, 1000.000000000000000 ) ;
#440 = ORIENTED_EDGE ( 'NONE', *, *, #1407, .T. ) ;
#441 = DIRECTION ( 'NONE',  ( -0.6949681509768284027, -0.000000000000000000, -0.7190405198094529382 ) ) ;
#442 = CARTESIAN_POINT ( 'NONE',  ( 8.420984155169835006, 0.000000000000000000, 42.21183419698265027 ) ) ;
#443 = ORIENTED_EDGE ( 'NONE', *, *, #2344, .T. ) ;
#444 = PLANE ( 'NONE',  #200 ) ;
#445 = CARTESIAN_POINT ( 'NONE',  ( 30.58401425420946396, 12.23413438562445243, 20.37688537445800208 ) ) ;
#446 = EDGE_CURVE ( 'NONE', #960, #2855, #632, .T. ) ;
#447 = ORIENTED_EDGE ( 'NONE', *, *, #20, .F. ) ;
#448 = DIRECTION ( 'NONE',  ( 0.000000000000000000, 0.7336731893943680971, 0.6795025026914144339 ) ) ;
#449 = CARTESIAN_POINT ( 'NONE',  ( 30.73539397255675709, 13.11398119160416442, 25.46200197002863419 ) ) ;
#450 = VERTEX_POINT ( 'NONE', #53 ) ;
#451 = ORIENTED_EDGE ( 'NONE', *, *, #594, .F. ) ;
#452 = ORIENTED_EDGE ( 'NONE', *, *, #1347, .T. ) ;
#453 = DIRECTION ( 'NONE',  ( 0.000000000000000000, 1.000000000000000000, 0.000000000000000000 ) ) ;
#454 = EDGE_CURVE ( 'NONE', #2003, #2461, #1334, .T. ) ;
#455 = ORIENTED_EDGE ( 'NONE', *, *, #1220, .F. ) ;
#456 = EDGE_CURVE ( 'NONE', #882, #2820, #17, .T. ) ;
#457 = CARTESIAN_POINT ( 'NONE',  ( 8.500000000000000000, 0.000000000000000000, 10.00000000000000000 ) ) ;
#458 = CARTESIAN_POINT ( 'NONE',  ( -15.26460602744324113, 13.11398119160416620, 44.74655416469712321 ) ) ;
#459 = ORIENTED_EDGE ( 'NONE', *, *, #2666, .F. ) ;
#460 = PLANE ( 'NONE',  #359 ) ;
#461 = EDGE_CURVE ( 'NONE', #2307, #1135, #1549, .T. ) ;
#462 = VECTOR ( 'NONE', #1700, 1000.000000000000000 ) ;
#463 = CARTESIAN_POINT ( 'NONE',  ( 30.73539397255676064, 13.11398119160438114, 56.54200197002862893 ) ) ;
#464 = ORIENTED_EDGE ( 'NONE', *, *, #2208, .T. ) ;
#465 = CARTESIAN_POINT ( 'NONE',  ( 8.420984155169891849, 15.00000000000000000, 138.6569945773395602 ) ) ;
#466 = LINE ( 'NONE', #943, #14 ) ;
#467 = VERTEX_POINT ( 'NONE', #2056 ) ;
#468 = AXIS2_PLACEMENT_3D ( 'NONE', #773, #2486, #2292 ) ;
#469 = ORIENTED_EDGE ( 'NONE', *, *, #1066, .T. ) ;
#470 = ORIENTED_EDGE ( 'NONE', *, *, #1019, .F. ) ;
#471 = LINE ( 'NONE', #2235, #1640 ) ;
#472 = DIRECTION ( 'NONE',  ( -0.000000000000000000, 1.000000000000000000, -0.000000000000000000 ) ) ;
#473 = EDGE_CURVE ( 'NONE', #3091, #2535, #1082, .T. ) ;
#474 = ORIENTED_EDGE ( 'NONE', *, *, #138, .T. ) ;
#475 = EDGE_CURVE ( 'NONE', #1614, #433, #2072, .T. ) ;
#476 = LINE ( 'NONE', #1762, #3007 ) ;
#477 = CARTESIAN_POINT ( 'NONE',  ( 24.73539397255677841, 13.11398119160503306, 154.9714043947262780 ) ) ;
#478 = EDGE_CURVE ( 'NONE', #685, #598, #1300, .T. ) ;
#479 = ORIENTED_EDGE ( 'NONE', *, *, #1292, .F. ) ;
#480 = CARTESIAN_POINT ( 'NONE',  ( 30.73539397255677841, 13.11398119160503128, 174.9714043947263065 ) ) ;
#481 = AXIS2_PLACEMENT_3D ( 'NONE', #1692, #204, #1211 ) ;
#482 = VECTOR ( 'NONE', #2840, 1000.000000000000000 ) ;
#483 = LINE ( 'NONE', #3017, #1131 ) ;
#484 = LINE ( 'NONE', #971, #962 ) ;
#485 = CARTESIAN_POINT ( 'NONE',  ( 8.420984155169863428, 3.499999999999565681, 90.62613581502390048 ) ) ;
#486 = CARTESIAN_POINT ( 'NONE',  ( 0.000000000000000000, 0.000000000000000000, 0.000000000000000000 ) ) ;
#487 = LINE ( 'NONE', #716, #1060 ) ;
#488 = AXIS2_PLACEMENT_3D ( 'NONE', #757, #2760, #2711 ) ;
#489 = VECTOR ( 'NONE', #613, 1000.000000000000000 ) ;
#490 = ORIENTED_EDGE ( 'NONE', *, *, #2707, .F. ) ;
#491 = CARTESIAN_POINT ( 'NONE',  ( 20.73658061723904211, 0.000000000000000000, -10.02859560527374860 ) ) ;
#492 = CARTESIAN_POINT ( 'NONE',  ( 30.73539397255676420, 3.499999999999565237, 90.62613581502390048 ) ) ;
#493 = EDGE_LOOP ( 'NONE', ( #682, #1600, #1918, #2725, #3198, #299, #1298 ) ) ;
#494 = EDGE_CURVE ( 'NONE', #1476, #2982, #1266, .T. ) ;
#495 = FACE_OUTER_BOUND ( 'NONE', #1837, .T. ) ;
#496 = AXIS2_PLACEMENT_3D ( 'NONE', #1917, #2426, #2962 ) ;
#497 = EDGE_LOOP ( 'NONE', ( #2514, #1690, #286, #2353 ) ) ;
#498 = DIRECTION ( 'NONE',  ( 1.323822129773695029E-16, -0.7336731895847693474, 0.6795025024858341034 ) ) ;
#499 = CARTESIAN_POINT ( 'NONE',  ( -15.26460602744324646, 3.499999999999999556, 4.757868120028683201 ) ) ;
#500 = DIRECTION ( 'NONE',  ( 0.000000000000000000, 0.000000000000000000, -1.000000000000000000 ) ) ;
#501 = LINE ( 'NONE', #463, #2282 ) ;
#502 = EDGE_CURVE ( 'NONE', #202, #2176, #2319, .T. ) ;
#503 = DIRECTION ( 'NONE',  ( 0.000000000000000000, 1.000000000000000000, 0.000000000000000000 ) ) ;
#504 = FACE_OUTER_BOUND ( 'NONE', #1419, .T. ) ;
#505 = ORIENTED_EDGE ( 'NONE', *, *, #280, .F. ) ;
#506 = CARTESIAN_POINT ( 'NONE',  ( 30.58401425420946396, 15.00000000000000000, 20.37688537445799852 ) ) ;
#507 = DIRECTION ( 'NONE',  ( 4.354781859596661625E-16, 0.6795025024858346585, 0.7336731895847690144 ) ) ;
#508 = ORIENTED_EDGE ( 'NONE', *, *, #2289, .F. ) ;
#509 = CARTESIAN_POINT ( 'NONE',  ( -15.26460602744322870, 1.000000000000000000, 138.6569945773395602 ) ) ;
#510 = DIRECTION ( 'NONE',  ( -0.000000000000000000, -1.000000000000000000, -0.000000000000000000 ) ) ;
#511 = VERTEX_POINT ( 'NONE', #770 ) ;
#512 = CARTESIAN_POINT ( 'NONE',  ( -15.26460602744323047, 13.11398119160481635, 118.7020019700286468 ) ) ;
#513 = DIRECTION ( 'NONE',  ( -0.000000000000000000, -0.7336731895847693474, 0.6795025024858341034 ) ) ;
#514 = DIRECTION ( 'NONE',  ( -1.000000000000000000, -0.000000000000000000, 1.286899466156778151E-16 ) ) ;
#515 = CYLINDRICAL_SURFACE ( 'NONE', #1439, 2.149999999999999023 ) ;
#516 = VECTOR ( 'NONE', #857, 1000.000000000000000 ) ;
#517 = EDGE_CURVE ( 'NONE', #2495, #250, #679, .T. ) ;
#518 = DIRECTION ( 'NONE',  ( 8.744514077012157203E-17, -0.7336731895847690144, 0.6795025024858346585 ) ) ;
#519 = EDGE_CURVE ( 'NONE', #945, #1530, #2901, .T. ) ;
#520 = CARTESIAN_POINT ( 'NONE',  ( 15.11171230105609453, 11.98993999306308922, 18.52095424117894851 ) ) ;
#521 = CARTESIAN_POINT ( 'NONE',  ( 16.73539397255682104, 15.00000000000000000, 181.9714043947262780 ) ) ;
#522 = ADVANCED_FACE ( 'NONE', ( #1164 ), #2164, .F. ) ;
#523 = ORIENTED_EDGE ( 'NONE', *, *, #1143, .T. ) ;
#524 = CIRCLE ( 'NONE', #937, 2.649999999999999467 ) ;
#525 = CARTESIAN_POINT ( 'NONE',  ( 8.420984155169879415, 13.11398119160481812, 112.8020019700286554 ) ) ;
#526 = VECTOR ( 'NONE', #34, 1000.000000000000000 ) ;
#527 = LINE ( 'NONE', #571, #2935 ) ;
#528 = ORIENTED_EDGE ( 'NONE', *, *, #1689, .F. ) ;
#529 = EDGE_CURVE ( 'NONE', #194, #607, #2625, .T. ) ;
#530 = DIRECTION ( 'NONE',  ( -1.000000000000000000, -0.000000000000000000, 1.286899466156778151E-16 ) ) ;
#531 = CARTESIAN_POINT ( 'NONE',  ( 8.420984155169835006, 1.000000000000000000, 42.21183419698265027 ) ) ;
#532 = EDGE_LOOP ( 'NONE', ( #370, #547, #719 ) ) ;
#533 = DIRECTION ( 'NONE',  ( -4.033246974645268051E-16, -0.7336731893943659877, -0.6795025026914168764 ) ) ;
#534 = DIRECTION ( 'NONE',  ( 0.000000000000000000, 0.000000000000000000, 1.000000000000000000 ) ) ;
#535 = CARTESIAN_POINT ( 'NONE',  ( 8.500000000000000000, 15.00000000000000000, 10.00000000000000000 ) ) ;
#536 = CARTESIAN_POINT ( 'NONE',  ( 14.89508724034909193, 13.11398119160416620, 19.56200197002864982 ) ) ;
#537 = DIRECTION ( 'NONE',  ( 0.7071067811865459074, 0.000000000000000000, -0.7071067811865491270 ) ) ;
#538 = DIRECTION ( 'NONE',  ( 0.000000000000000000, 0.000000000000000000, -1.000000000000000000 ) ) ;
#539 = ADVANCED_FACE ( 'NONE', ( #866 ), #606, .F. ) ;
#540 = VERTEX_POINT ( 'NONE', #1920 ) ;
#541 = LINE ( 'NONE', #2971, #2802 ) ;
#542 = CARTESIAN_POINT ( 'NONE',  ( 7.525634833701304593, 1.999999999999497069, 164.9714043947263065 ) ) ;
#543 = ORIENTED_EDGE ( 'NONE', *, *, #901, .T. ) ;
#544 = VECTOR ( 'NONE', #3016, 1000.000000000000114 ) ;
#545 = AXIS2_PLACEMENT_3D ( 'NONE', #1008, #2034, #1523 ) ;
#546 = LINE ( 'NONE', #2793, #1939 ) ;
#547 = ORIENTED_EDGE ( 'NONE', *, *, #2129, .T. ) ;
#548 = VECTOR ( 'NONE', #2864, 999.9999999999998863 ) ;
#549 = CARTESIAN_POINT ( 'NONE',  ( -15.26460602744323225, 13.11398119160481812, 112.8020019700286554 ) ) ;
#550 = CARTESIAN_POINT ( 'NONE',  ( 30.73539397255675709, 3.499999999999131806, 34.36613581502388115 ) ) ;
#551 = CYLINDRICAL_SURFACE ( 'NONE', #3112, 2.149999999999999023 ) ;
#552 = FACE_BOUND ( 'NONE', #131, .T. ) ;
#553 = CARTESIAN_POINT ( 'NONE',  ( -5.264606027443223368, 7.237324924829596995, 162.7214043947323603 ) ) ;
#554 = VECTOR ( 'NONE', #1735, 1000.000000000000000 ) ;
#555 = ORIENTED_EDGE ( 'NONE', *, *, #2428, .F. ) ;
#556 = CARTESIAN_POINT ( 'NONE',  ( -15.26460602744322870, 13.99999999999999822, 138.6569945773395602 ) ) ;
#557 = ORIENTED_EDGE ( 'NONE', *, *, #2304, .T. ) ;
#558 = EDGE_CURVE ( 'NONE', #511, #923, #1625, .T. ) ;
#559 = CARTESIAN_POINT ( 'NONE',  ( 7.525634833701304593, 15.00000000000000000, 164.9714043947263065 ) ) ;
#560 = ORIENTED_EDGE ( 'NONE', *, *, #2329, .T. ) ;
#561 = CARTESIAN_POINT ( 'NONE',  ( 17.00000000000000000, 15.00000000000000000, 17.85000000000000142 ) ) ;
#562 = ORIENTED_EDGE ( 'NONE', *, *, #417, .F. ) ;
#563 = ADVANCED_FACE ( 'NONE', ( #1598 ), #1351, .F. ) ;
#564 = CARTESIAN_POINT ( 'NONE',  ( 7.525634833701304593, 0.000000000000000000, 182.2214043947201958 ) ) ;
#565 = DIRECTION ( 'NONE',  ( 0.000000000000000000, 0.000000000000000000, -1.000000000000000000 ) ) ;
#566 = DIRECTION ( 'NONE',  ( -1.000000000000000000, 0.000000000000000000, 0.000000000000000000 ) ) ;
#567 = FACE_OUTER_BOUND ( 'NONE', #636, .T. ) ;
#568 = VECTOR ( 'NONE', #3233, 1000.000000000000114 ) ;
#569 = VECTOR ( 'NONE', #2685, 1000.000000000000000 ) ;
#570 = ORIENTED_EDGE ( 'NONE', *, *, #2264, .T. ) ;
#571 = CARTESIAN_POINT ( 'NONE',  ( -15.26460602744324113, 3.499999999999131806, 34.36613581502388826 ) ) ;
#572 = ORIENTED_EDGE ( 'NONE', *, *, #558, .T. ) ;
#573 = CYLINDRICAL_SURFACE ( 'NONE', #1695, 2.249999999993923527 ) ;
#574 = EDGE_CURVE ( 'NONE', #897, #2148, #1416, .T. ) ;
#575 = ORIENTED_EDGE ( 'NONE', *, *, #1280, .F. ) ;
#576 = CARTESIAN_POINT ( 'NONE',  ( -2.104912759650912069, 13.11398119160416620, 19.56200197002864982 ) ) ;
#577 = EDGE_CURVE ( 'NONE', #2274, #923, #391, .T. ) ;
#578 = ADVANCED_FACE ( 'NONE', ( #1400 ), #620, .F. ) ;
#579 = DIRECTION ( 'NONE',  ( -0.000000000000000000, -1.000000000000000000, -0.000000000000000000 ) ) ;
#580 = LINE ( 'NONE', #2357, #1519 ) ;
#581 = DIRECTION ( 'NONE',  ( -1.000000000000000000, -0.000000000000000000, 1.286899466156778151E-16 ) ) ;
#582 = CARTESIAN_POINT ( 'NONE',  ( 30.58401425420946396, 0.000000000000000000, 20.37688537445799852 ) ) ;
#583 = DIRECTION ( 'NONE',  ( -0.000000000000000000, -1.000000000000000000, -0.000000000000000000 ) ) ;
#584 = VECTOR ( 'NONE', #48, 1000.000000000000000 ) ;
#585 = DIRECTION ( 'NONE',  ( -0.000000000000000000, -1.000000000000000000, -0.000000000000000000 ) ) ;
#586 = VECTOR ( 'NONE', #1072, 1000.000000000000000 ) ;
#587 = VERTEX_POINT ( 'NONE', #2348 ) ;
#588 = CARTESIAN_POINT ( 'NONE',  ( -15.26460602744323936, 15.00000000000000000, 42.21183419698265027 ) ) ;
#589 = VERTEX_POINT ( 'NONE', #2115 ) ;
#590 = AXIS2_PLACEMENT_3D ( 'NONE', #1149, #405, #2100 ) ;
#591 = DIRECTION ( 'NONE',  ( -4.033246974645267065E-16, -0.7336731893943658767, -0.6795025026914167654 ) ) ;
#592 = AXIS2_PLACEMENT_3D ( 'NONE', #2238, #1515, #2515 ) ;
#593 = ORIENTED_EDGE ( 'NONE', *, *, #1769, .F. ) ;
#594 = EDGE_CURVE ( 'NONE', #1880, #3116, #1332, .T. ) ;
#595 = VECTOR ( 'NONE', #2016, 999.9999999999998863 ) ;
#596 = PLANE ( 'NONE',  #2880 ) ;
#597 = CARTESIAN_POINT ( 'NONE',  ( -5.264606027443223368, 11.40506787167026204, 167.2214043947202242 ) ) ;
#598 = VERTEX_POINT ( 'NONE', #2917 ) ;
#599 = CARTESIAN_POINT ( 'NONE',  ( 24.73539397255679262, 3.500000000000000000, 158.6861358150238743 ) ) ;
#600 = AXIS2_PLACEMENT_3D ( 'NONE', #1491, #1259, #2505 ) ;
#601 = ADVANCED_FACE ( 'NONE', ( #97, #2382, #1643, #1095, #130 ), #2400, .F. ) ;
#602 = DIRECTION ( 'NONE',  ( -0.000000000000000000, -1.000000000000000000, -0.000000000000000000 ) ) ;
#603 = DIRECTION ( 'NONE',  ( 0.000000000000000000, 1.000000000000000000, 0.000000000000000000 ) ) ;
#604 = ORIENTED_EDGE ( 'NONE', *, *, #776, .F. ) ;
#605 = EDGE_CURVE ( 'NONE', #260, #2886, #1171, .T. ) ;
#606 = CYLINDRICAL_SURFACE ( 'NONE', #2843, 2.649999999999999467 ) ;
#607 = VERTEX_POINT ( 'NONE', #1904 ) ;
#608 = CARTESIAN_POINT ( 'NONE',  ( -15.26460602744323580, 13.11398119160459963, 81.72200197002865707 ) ) ;
#609 = EDGE_LOOP ( 'NONE', ( #934, #1303, #2690, #2553, #1446 ) ) ;
#610 = DIRECTION ( 'NONE',  ( -1.000000000000000000, -0.000000000000000000, 1.286899466156778151E-16 ) ) ;
#611 = PLANE ( 'NONE',  #1415 ) ;
#612 = ORIENTED_EDGE ( 'NONE', *, *, #1744, .F. ) ;
#613 = DIRECTION ( 'NONE',  ( -0.000000000000000000, -1.000000000000000000, -0.000000000000000000 ) ) ;
#614 = LINE ( 'NONE', #3113, #1284 ) ;
#615 = EDGE_CURVE ( 'NONE', #1162, #3024, #146, .T. ) ;
#616 = EDGE_CURVE ( 'NONE', #2367, #382, #880, .T. ) ;
#617 = LINE ( 'NONE', #1348, #384 ) ;
#618 = ORIENTED_EDGE ( 'NONE', *, *, #574, .T. ) ;
#619 = EDGE_CURVE ( 'NONE', #2101, #2170, #466, .T. ) ;
#620 = PLANE ( 'NONE',  #1595 ) ;
#621 = ORIENTED_EDGE ( 'NONE', *, *, #1138, .F. ) ;
#622 = ORIENTED_EDGE ( 'NONE', *, *, #351, .F. ) ;
#623 = VECTOR ( 'NONE', #775, 1000.000000000000000 ) ;
#624 = VERTEX_POINT ( 'NONE', #3227 ) ;
#625 = ORIENTED_EDGE ( 'NONE', *, *, #181, .F. ) ;
#626 = CARTESIAN_POINT ( 'NONE',  ( -15.26460602744324468, 13.11398119160503306, 13.66200197002865124 ) ) ;
#627 = CARTESIAN_POINT ( 'NONE',  ( 24.73539397255681038, 14.99999999999994671, 174.9714043947263065 ) ) ;
#628 = CARTESIAN_POINT ( 'NONE',  ( 24.73539397255677841, 15.00000000000000000, 154.9714043947262780 ) ) ;
#629 = ORIENTED_EDGE ( 'NONE', *, *, #235, .F. ) ;
#630 = CARTESIAN_POINT ( 'NONE',  ( -15.26460602744322337, 1.999999999997095657, 174.9714043947263917 ) ) ;
#631 = VECTOR ( 'NONE', #3202, 1000.000000000000000 ) ;
#632 = CIRCLE ( 'NONE', #2200, 2.249999999993923527 ) ;
#633 = CARTESIAN_POINT ( 'NONE',  ( -5.264606027443223368, 13.11398119160503484, 164.9714043947263065 ) ) ;
#634 = DIRECTION ( 'NONE',  ( -0.000000000000000000, -1.000000000000000000, -0.000000000000000000 ) ) ;
#635 = EDGE_CURVE ( 'NONE', #884, #2150, #2981, .T. ) ;
#636 = EDGE_LOOP ( 'NONE', ( #774, #227, #1195, #1305 ) ) ;
#637 = CARTESIAN_POINT ( 'NONE',  ( 17.00000000000000000, 15.00000000000000000, 20.00000000000000000 ) ) ;
#638 = ORIENTED_EDGE ( 'NONE', *, *, #2942, .F. ) ;
#639 = EDGE_LOOP ( 'NONE', ( #2560, #1437, #1664, #3014 ) ) ;
#640 = CIRCLE ( 'NONE', #67, 2.149999999999999023 ) ;
#641 = EDGE_LOOP ( 'NONE', ( #2098, #1914, #955, #2921, #223, #2979 ) ) ;
#642 = ORIENTED_EDGE ( 'NONE', *, *, #3033, .F. ) ;
#643 = CARTESIAN_POINT ( 'NONE',  ( 30.42943429193652705, 3.499999999999134026, -1.120163529778943818E-15 ) ) ;
#644 = FACE_BOUND ( 'NONE', #668, .T. ) ;
#645 = CARTESIAN_POINT ( 'NONE',  ( 11.06704295574693475, 3.499999999999132250, 10.65786812002865425 ) ) ;
#646 = ORIENTED_EDGE ( 'NONE', *, *, #2662, .T. ) ;
#647 = DIRECTION ( 'NONE',  ( -0.7071067811865459074, -0.000000000000000000, 0.7071067811865491270 ) ) ;
#648 = VECTOR ( 'NONE', #2989, 1000.000000000000000 ) ;
#649 = CARTESIAN_POINT ( 'NONE',  ( 2.104912759650912069, 13.11398119160416620, 19.56200197002864982 ) ) ;
#650 = AXIS2_PLACEMENT_3D ( 'NONE', #172, #1128, #416 ) ;
#651 = CARTESIAN_POINT ( 'NONE',  ( 7.525634833701304593, 15.00000000000000000, 162.7214043947323603 ) ) ;
#652 = DIRECTION ( 'NONE',  ( -0.000000000000000000, -1.000000000000000000, -0.000000000000000000 ) ) ;
#653 = VERTEX_POINT ( 'NONE', #2494 ) ;
#654 = ORIENTED_EDGE ( 'NONE', *, *, #2748, .F. ) ;
#655 = VERTEX_POINT ( 'NONE', #242 ) ;
#656 = DIRECTION ( 'NONE',  ( 0.000000000000000000, 2.401507812055390302E-13, -1.000000000000000000 ) ) ;
#657 =( BOUNDED_CURVE ( )  B_SPLINE_CURVE ( 3, ( #2570, #1847, #1390, #1344 ),
 .UNSPECIFIED., .F., .F. ) 
 B_SPLINE_CURVE_WITH_KNOTS ( ( 4, 4 ),
 ( 0.000000000000000000, 1.775952452428968931 ),
 .UNSPECIFIED. ) 
 CURVE ( )  GEOMETRIC_REPRESENTATION_ITEM ( )  RATIONAL_B_SPLINE_CURVE ( ( 1.000000000000000000, 0.7539889026692174756, 0.7539889026692174756, 1.000000000000000000 ) ) 
 REPRESENTATION_ITEM ( '' )  );
#658 = EDGE_CURVE ( 'NONE', #2059, #230, #430, .T. ) ;
#659 = FACE_OUTER_BOUND ( 'NONE', #2627, .T. ) ;
#660 = LINE ( 'NONE', #1667, #2409 ) ;
#661 = EDGE_CURVE ( 'NONE', #918, #2474, #1591, .T. ) ;
#662 = VERTEX_POINT ( 'NONE', #731 ) ;
#663 = CARTESIAN_POINT ( 'NONE',  ( 30.73539397255677130, 13.11398119160503306, 143.8820019700285968 ) ) ;
#664 = DIRECTION ( 'NONE',  ( -3.259316603504852690E-31, 1.000000000000000000, -2.532689374126900046E-15 ) ) ;
#665 = ORIENTED_EDGE ( 'NONE', *, *, #456, .F. ) ;
#666 = DIRECTION ( 'NONE',  ( -0.000000000000000000, -1.000000000000000000, -0.000000000000000000 ) ) ;
#667 = CARTESIAN_POINT ( 'NONE',  ( 17.00000000000000000, 0.000000000000000000, 20.00000000000000000 ) ) ;
#668 = EDGE_LOOP ( 'NONE', ( #2488, #560 ) ) ;
#669 = ORIENTED_EDGE ( 'NONE', *, *, #661, .F. ) ;
#670 = EDGE_LOOP ( 'NONE', ( #2093, #1381, #464, #2562, #665 ) ) ;
#671 = DIRECTION ( 'NONE',  ( -0.000000000000000000, -1.000000000000000000, -0.000000000000000000 ) ) ;
#672 = VECTOR ( 'NONE', #2260, 1000.000000000000000 ) ;
#673 = DIRECTION ( 'NONE',  ( -0.7190405198094530492, 0.000000000000000000, 0.6949681509768284027 ) ) ;
#674 = EDGE_CURVE ( 'NONE', #230, #2059, #2736, .T. ) ;
#675 = DIRECTION ( 'NONE',  ( -0.000000000000000000, -1.000000000000000000, -0.000000000000000000 ) ) ;
#676 = ORIENTED_EDGE ( 'NONE', *, *, #2452, .T. ) ;
#677 = FACE_BOUND ( 'NONE', #1954, .T. ) ;
#678 = AXIS2_PLACEMENT_3D ( 'NONE', #1502, #1553, #1797 ) ;
#679 = CIRCLE ( 'NONE', #2520, 2.249999999993923527 ) ;
#680 = AXIS2_PLACEMENT_3D ( 'NONE', #715, #1474, #1228 ) ;
#681 = FACE_OUTER_BOUND ( 'NONE', #3220, .T. ) ;
#682 = ORIENTED_EDGE ( 'NONE', *, *, #3071, .F. ) ;
#683 = CARTESIAN_POINT ( 'NONE',  ( -15.26460602744322692, 13.11398119160503306, 143.8820019700285968 ) ) ;
#684 = CARTESIAN_POINT ( 'NONE',  ( -15.26460602744324646, 13.11398119160500997, 4.757868120028709846 ) ) ;
#685 = VERTEX_POINT ( 'NONE', #1949 ) ;
#686 = ORIENTED_EDGE ( 'NONE', *, *, #739, .T. ) ;
#687 = ORIENTED_EDGE ( 'NONE', *, *, #1830, .F. ) ;
#688 = LINE ( 'NONE', #1451, #1005 ) ;
#689 = AXIS2_PLACEMENT_3D ( 'NONE', #3090, #2579, #1118 ) ;
#690 = CARTESIAN_POINT ( 'NONE',  ( 30.42943429193652705, 15.00000000000000000, 0.000000000000000000 ) ) ;
#691 = ORIENTED_EDGE ( 'NONE', *, *, #2748, .T. ) ;
#692 = FACE_BOUND ( 'NONE', #192, .T. ) ;
#693 = ADVANCED_FACE ( 'NONE', ( #2459 ), #1475, .F. ) ;
#694 = LINE ( 'NONE', #2945, #1704 ) ;
#695 = ORIENTED_EDGE ( 'NONE', *, *, #2431, .T. ) ;
#696 = AXIS2_PLACEMENT_3D ( 'NONE', #1076, #3107, #2569 ) ;
#697 =( LENGTH_UNIT ( ) NAMED_UNIT ( * ) SI_UNIT ( .MILLI., .METRE. ) );
#698 = EDGE_CURVE ( 'NONE', #771, #1423, #487, .T. ) ;
#699 = VECTOR ( 'NONE', #3238, 1000.000000000000000 ) ;
#700 = CARTESIAN_POINT ( 'NONE',  ( 8.420984155169835006, 0.000000000000000000, 42.21183419698265027 ) ) ;
#701 = ORIENTED_EDGE ( 'NONE', *, *, #862, .T. ) ;
#702 = ORIENTED_EDGE ( 'NONE', *, *, #2075, .T. ) ;
#703 = VECTOR ( 'NONE', #1671, 1000.000000000000000 ) ;
#704 = EDGE_CURVE ( 'NONE', #540, #945, #959, .T. ) ;
#705 = ORIENTED_EDGE ( 'NONE', *, *, #2183, .T. ) ;
#706 = CARTESIAN_POINT ( 'NONE',  ( 8.420984155169891849, 15.00000000000000000, 138.6569945773395602 ) ) ;
#707 = VERTEX_POINT ( 'NONE', #700 ) ;
#708 = CARTESIAN_POINT ( 'NONE',  ( 30.73539397255675709, 3.499999999999131806, 34.36613581502388115 ) ) ;
#709 = CARTESIAN_POINT ( 'NONE',  ( 24.73539397255682104, 0.000000000000000000, 181.9714043947262780 ) ) ;
#710 = ORIENTED_EDGE ( 'NONE', *, *, #1504, .F. ) ;
#711 = LINE ( 'NONE', #1717, #699 ) ;
#712 = VECTOR ( 'NONE', #583, 1000.000000000000000 ) ;
#713 = CARTESIAN_POINT ( 'NONE',  ( 7.525634833701304593, 13.11398119160503484, 162.7214043947323603 ) ) ;
#714 = VERTEX_POINT ( 'NONE', #1192 ) ;
#715 = CARTESIAN_POINT ( 'NONE',  ( 0.000000000000000000, 15.00000000000000000, 20.00000000000000000 ) ) ;
#716 = CARTESIAN_POINT ( 'NONE',  ( -15.26460602744324646, 3.499999999999999556, 4.757868120028683201 ) ) ;
#717 = EDGE_CURVE ( 'NONE', #865, #768, #2578, .T. ) ;
#718 = ORIENTED_EDGE ( 'NONE', *, *, #49, .F. ) ;
#719 = ORIENTED_EDGE ( 'NONE', *, *, #49, .T. ) ;
#720 = EDGE_CURVE ( 'NONE', #3091, #185, #2433, .T. ) ;
#721 = ORIENTED_EDGE ( 'NONE', *, *, #1968, .T. ) ;
#722 = CARTESIAN_POINT ( 'NONE',  ( 7.525634833701304593, 5.936201672021084619, 167.2214043947202242 ) ) ;
#723 = ORIENTED_EDGE ( 'NONE', *, *, #2920, .F. ) ;
#724 = CARTESIAN_POINT ( 'NONE',  ( 30.73539397255675354, 3.499999999999999556, 4.757868120028676984 ) ) ;
#725 = LINE ( 'NONE', #531, #1316 ) ;
#726 = ORIENTED_EDGE ( 'NONE', *, *, #396, .F. ) ;
#727 = VECTOR ( 'NONE', #566, 1000.000000000000000 ) ;
#728 = DIRECTION ( 'NONE',  ( 0.000000000000000000, 1.000000000000000000, 0.000000000000000000 ) ) ;
#729 = CARTESIAN_POINT ( 'NONE',  ( 17.00000000000000000, 11.26549654198873185, 17.85000000000000142 ) ) ;
#730 = ORIENTED_EDGE ( 'NONE', *, *, #297, .T. ) ;
#731 = CARTESIAN_POINT ( 'NONE',  ( 8.420984155169835006, 13.99999999999999822, 42.21183419698265027 ) ) ;
#732 = ADVANCED_FACE ( 'NONE', ( #176, #1459 ), #1429, .F. ) ;
#733 = CIRCLE ( 'NONE', #2153, 2.249999999993923527 ) ;
#734 = VERTEX_POINT ( 'NONE', #1983 ) ;
#735 = LINE ( 'NONE', #2984, #426 ) ;
#736 = CARTESIAN_POINT ( 'NONE',  ( 7.525634833701304593, 11.40506787167026204, 167.2214043947202242 ) ) ;
#737 = ORIENTED_EDGE ( 'NONE', *, *, #2944, .T. ) ;
#738 = CARTESIAN_POINT ( 'NONE',  ( 8.420984155169890073, 3.499999999999783284, 127.6061358150238902 ) ) ;
#739 = EDGE_CURVE ( 'NONE', #2983, #3167, #1738, .T. ) ;
#740 = CARTESIAN_POINT ( 'NONE',  ( 30.73539397255675709, 3.499999999999130917, 28.46613581502389678 ) ) ;
#741 = EDGE_LOOP ( 'NONE', ( #1417, #1668 ) ) ;
#742 = PLANE ( 'NONE',  #853 ) ;
#743 = CIRCLE ( 'NONE', #2998, 2.149999999999999023 ) ;
#744 = AXIS2_PLACEMENT_3D ( 'NONE', #2390, #1053, #1602 ) ;
#745 = LINE ( 'NONE', #302, #2800 ) ;
#746 = CARTESIAN_POINT ( 'NONE',  ( 17.00000000000000000, 15.00000000000000000, 0.000000000000000000 ) ) ;
#747 = CARTESIAN_POINT ( 'NONE',  ( -5.264606027443223368, 15.00000000000000000, 162.7214043947323603 ) ) ;
#748 = VECTOR ( 'NONE', #3165, 1000.000000000000000 ) ;
#749 = LINE ( 'NONE', #2999, #331 ) ;
#750 = AXIS2_PLACEMENT_3D ( 'NONE', #2768, #518, #1524 ) ;
#751 = DIRECTION ( 'NONE',  ( 0.000000000000000000, 9.741112982886280969E-17, -1.000000000000000000 ) ) ;
#752 =( GEOMETRIC_REPRESENTATION_CONTEXT ( 3 ) GLOBAL_UNCERTAINTY_ASSIGNED_CONTEXT ( ( #2598 ) ) GLOBAL_UNIT_ASSIGNED_CONTEXT ( ( #1945, #1175, #216 ) ) REPRESENTATION_CONTEXT ( 'NONE', 'WORKASPACE' ) );
#753 = VERTEX_POINT ( 'NONE', #2719 ) ;
#754 = CYLINDRICAL_SURFACE ( 'NONE', #1127, 2.649999999999999467 ) ;
#755 = CARTESIAN_POINT ( 'NONE',  ( -5.264606027443180736, 15.00000000000000000, 182.2214043947201390 ) ) ;
#756 = ORIENTED_EDGE ( 'NONE', *, *, #1199, .F. ) ;
#757 = CARTESIAN_POINT ( 'NONE',  ( 8.500000000000000000, 13.11398119160502418, 10.00000000000000000 ) ) ;
#758 = DIRECTION ( 'NONE',  ( -1.000000000000000000, -0.000000000000000000, 1.286899466156778151E-16 ) ) ;
#759 = ORIENTED_EDGE ( 'NONE', *, *, #862, .F. ) ;
#760 = PLANE ( 'NONE',  #3037 ) ;
#761 = EDGE_CURVE ( 'NONE', #662, #2167, #1246, .T. ) ;
#762 = EDGE_CURVE ( 'NONE', #2070, #1254, #2477, .T. ) ;
#763 = DIRECTION ( 'NONE',  ( -0.7071067811865459074, -0.000000000000000000, 0.7071067811865491270 ) ) ;
#764 = DIRECTION ( 'NONE',  ( -0.5972744800381295516, 0.5449860834036707180, 0.5884329735760133184 ) ) ;
#765 = DIRECTION ( 'NONE',  ( 0.000000000000000000, 2.401628278969932232E-13, -1.000000000000000000 ) ) ;
#766 = ORIENTED_EDGE ( 'NONE', *, *, #2452, .F. ) ;
#767 = CARTESIAN_POINT ( 'NONE',  ( 30.49235259984252977, 7.317986896052741663, 8.293954334726585387 ) ) ;
#768 = VERTEX_POINT ( 'NONE', #927 ) ;
#769 = DIRECTION ( 'NONE',  ( -0.000000000000000000, -1.000000000000000000, -0.000000000000000000 ) ) ;
#770 = CARTESIAN_POINT ( 'NONE',  ( 22.55012539285437256, 3.499999999999999556, 152.7861358150238971 ) ) ;
#771 = VERTEX_POINT ( 'NONE', #684 ) ;
#772 = CARTESIAN_POINT ( 'NONE',  ( 2.632990618166808249E-16, 3.499999999999130473, 22.14999999999999858 ) ) ;
#773 = CARTESIAN_POINT ( 'NONE',  ( 30.73539397255676420, 13.11398119160438291, 75.82655416469711440 ) ) ;
#774 = ORIENTED_EDGE ( 'NONE', *, *, #1670, .T. ) ;
#775 = DIRECTION ( 'NONE',  ( -0.000000000000000000, -1.000000000000000000, -0.000000000000000000 ) ) ;
#776 = EDGE_CURVE ( 'NONE', #882, #1964, #1229, .T. ) ;
#777 = CARTESIAN_POINT ( 'NONE',  ( -15.26460602744323225, 13.11398119160481812, 112.8020019700286554 ) ) ;
#778 = PLANE ( 'NONE',  #2290 ) ;
#779 = VECTOR ( 'NONE', #533, 999.9999999999998863 ) ;
#780 = DIRECTION ( 'NONE',  ( -0.000000000000000000, -1.000000000000000000, -0.000000000000000000 ) ) ;
#781 = DIRECTION ( 'NONE',  ( -1.253583309744921774E-32, -1.000000000000000000, -9.741112982886280969E-17 ) ) ;
#782 = VERTEX_POINT ( 'NONE', #3194 ) ;
#783 = VECTOR ( 'NONE', #1956, 1000.000000000000000 ) ;
#784 = DIRECTION ( 'NONE',  ( -1.000000000000000000, -0.000000000000000000, 1.286899466156778151E-16 ) ) ;
#785 = AXIS2_PLACEMENT_3D ( 'NONE', #2836, #69, #3084 ) ;
#786 = FACE_BOUND ( 'NONE', #2074, .T. ) ;
#787 = ORIENTED_EDGE ( 'NONE', *, *, #1620, .F. ) ;
#788 = CARTESIAN_POINT ( 'NONE',  ( 24.73539397255677841, 15.00000000000000000, 154.9714043947262780 ) ) ;
#789 = CARTESIAN_POINT ( 'NONE',  ( 7.525634833701304593, 15.00000000000000000, 167.2214043947202242 ) ) ;
#790 = ORIENTED_EDGE ( 'NONE', *, *, #461, .F. ) ;
#791 = DIRECTION ( 'NONE',  ( -1.253583309744921774E-32, -1.000000000000000000, -9.741112982886280969E-17 ) ) ;
#792 = ADVANCED_FACE ( 'NONE', ( #1262 ), #2574, .F. ) ;
#793 = DIRECTION ( 'NONE',  ( -0.000000000000000000, -1.000000000000000000, -0.000000000000000000 ) ) ;
#794 = DIRECTION ( 'NONE',  ( -0.000000000000000000, -1.000000000000000000, -0.000000000000000000 ) ) ;
#795 = CARTESIAN_POINT ( 'NONE',  ( -1.591931211526916634, 3.261069431759651582, 164.3330076690369879 ) ) ;
#796 = PLANE ( 'NONE',  #1574 ) ;
#797 = CARTESIAN_POINT ( 'NONE',  ( 8.420984155169835006, 13.99999999999999822, 42.21183419698265027 ) ) ;
#798 = EDGE_CURVE ( 'NONE', #2403, #870, #743, .T. ) ;
#799 = EDGE_LOOP ( 'NONE', ( #916, #1760, #247, #1442, #3088, #1392, #3166, #2449 ) ) ;
#800 = EDGE_CURVE ( 'NONE', #1151, #918, #2284, .T. ) ;
#801 = PLANE ( 'NONE',  #785 ) ;
#802 = VECTOR ( 'NONE', #948, 1000.000000000000114 ) ;
#803 = ORIENTED_EDGE ( 'NONE', *, *, #1827, .F. ) ;
#804 = ADVANCED_FACE ( 'NONE', ( #1065 ), #1528, .F. ) ;
#805 = VECTOR ( 'NONE', #153, 1000.000000000000000 ) ;
#806 = LINE ( 'NONE', #1341, #1112 ) ;
#807 = ORIENTED_EDGE ( 'NONE', *, *, #3036, .T. ) ;
#808 = DIRECTION ( 'NONE',  ( -9.441636357651504373E-17, 0.6795025026914168764, -0.7336731893943658767 ) ) ;
#809 = ORIENTED_EDGE ( 'NONE', *, *, #2002, .T. ) ;
#810 = VECTOR ( 'NONE', #2443, 1000.000000000000000 ) ;
#811 = FACE_OUTER_BOUND ( 'NONE', #220, .T. ) ;
#812 = CARTESIAN_POINT ( 'NONE',  ( 30.73539397255677486, 3.500000000000000000, 158.6861358150238743 ) ) ;
#813 = DIRECTION ( 'NONE',  ( -0.000000000000000000, -1.000000000000000000, -0.000000000000000000 ) ) ;
#814 = LINE ( 'NONE', #1593, #2146 ) ;
#815 = CARTESIAN_POINT ( 'NONE',  ( 24.73539397255682104, 13.11398119160503661, 181.9714043947262780 ) ) ;
#816 = VECTOR ( 'NONE', #2296, 1000.000000000000000 ) ;
#817 = ADVANCED_FACE ( 'NONE', ( #504 ), #2786, .F. ) ;
#818 = ORIENTED_EDGE ( 'NONE', *, *, #2994, .T. ) ;
#819 = FACE_OUTER_BOUND ( 'NONE', #1108, .T. ) ;
#820 = EDGE_LOOP ( 'NONE', ( #2478, #1187, #341 ) ) ;
#821 = EDGE_CURVE ( 'NONE', #2857, #121, #1588, .T. ) ;
#822 = LINE ( 'NONE', #851, #482 ) ;
#823 = ORIENTED_EDGE ( 'NONE', *, *, #2703, .T. ) ;
#824 = PLANE ( 'NONE',  #2412 ) ;
#825 = CARTESIAN_POINT ( 'NONE',  ( 24.73539397255677841, 15.00000000000000000, 154.9714043947262780 ) ) ;
#826 = CARTESIAN_POINT ( 'NONE',  ( 7.525634833701304593, 1.999999999999497069, 164.9714043947263065 ) ) ;
#827 = CARTESIAN_POINT ( 'NONE',  ( -5.264606027443223368, 7.237324924829596995, 162.7214043947323603 ) ) ;
#828 = CARTESIAN_POINT ( 'NONE',  ( 19.10491275965090807, 13.11398119160416620, 19.56200197002864627 ) ) ;
#829 = VECTOR ( 'NONE', #364, 1000.000000000000000 ) ;
#830 = ORIENTED_EDGE ( 'NONE', *, *, #2169, .F. ) ;
#831 = EDGE_CURVE ( 'NONE', #3109, #1270, #2258, .T. ) ;
#832 = CARTESIAN_POINT ( 'NONE',  ( 8.500000000000000000, 3.499999999999132250, 10.00000000000000000 ) ) ;
#833 = EDGE_LOOP ( 'NONE', ( #6, #1865, #1923, #1230 ) ) ;
#834 = VECTOR ( 'NONE', #184, 1000.000000000000000 ) ;
#835 = ORIENTED_EDGE ( 'NONE', *, *, #619, .F. ) ;
#836 = DIRECTION ( 'NONE',  ( 0.000000000000000000, 0.000000000000000000, -1.000000000000000000 ) ) ;
#837 = ORIENTED_EDGE ( 'NONE', *, *, #235, .T. ) ;
#838 = EDGE_CURVE ( 'NONE', #1672, #140, #31, .T. ) ;
#839 = CYLINDRICAL_SURFACE ( 'NONE', #3046, 2.149999999999999911 ) ;
#840 = CARTESIAN_POINT ( 'NONE',  ( 30.58401425420946396, 3.499999999999350742, 20.37688537445799852 ) ) ;
#841 = ORIENTED_EDGE ( 'NONE', *, *, #529, .T. ) ;
#842 = DIRECTION ( 'NONE',  ( -1.000000000000000000, 0.000000000000000000, 8.673617379884023639E-16 ) ) ;
#843 = DIRECTION ( 'NONE',  ( 0.000000000000000000, 2.532689374126900046E-15, 1.000000000000000000 ) ) ;
#844 = LINE ( 'NONE', #864, #225 ) ;
#845 = CIRCLE ( 'NONE', #2683, 2.149999999999999911 ) ;
#846 = EDGE_LOOP ( 'NONE', ( #3072, #2011, #2808, #422, #850, #1563, #459 ) ) ;
#847 = DIRECTION ( 'NONE',  ( 0.000000000000000000, 0.000000000000000000, 1.000000000000000000 ) ) ;
#848 = ORIENTED_EDGE ( 'NONE', *, *, #2144, .T. ) ;
#849 = AXIS2_PLACEMENT_3D ( 'NONE', #3244, #2230, #3178 ) ;
#850 = ORIENTED_EDGE ( 'NONE', *, *, #2009, .F. ) ;
#851 = CARTESIAN_POINT ( 'NONE',  ( 8.420984155169835006, 13.99999999999999822, 42.21183419698265027 ) ) ;
#852 = ORIENTED_EDGE ( 'NONE', *, *, #615, .F. ) ;
#853 = AXIS2_PLACEMENT_3D ( 'NONE', #1749, #969, #1978 ) ;
#854 = ADVANCED_FACE ( 'NONE', ( #567 ), #291, .F. ) ;
#855 = LINE ( 'NONE', #1846, #2361 ) ;
#856 = EDGE_CURVE ( 'NONE', #202, #2982, #2036, .T. ) ;
#857 = DIRECTION ( 'NONE',  ( -5.935588108461891454E-16, -8.995404500273531229E-17, -1.000000000000000000 ) ) ;
#858 = VERTEX_POINT ( 'NONE', #2054 ) ;
#859 = FACE_OUTER_BOUND ( 'NONE', #2737, .T. ) ;
#860 = EDGE_CURVE ( 'NONE', #662, #1614, #3053, .T. ) ;
#861 = AXIS2_PLACEMENT_3D ( 'NONE', #2752, #1507, #953 ) ;
#862 = EDGE_CURVE ( 'NONE', #1084, #3135, #2559, .T. ) ;
#863 = DIRECTION ( 'NONE',  ( 1.286899466156778151E-16, 0.000000000000000000, 1.000000000000000000 ) ) ;
#864 = CARTESIAN_POINT ( 'NONE',  ( 30.58401425420946396, 13.11398119160416442, 20.37688537445799852 ) ) ;
#865 = VERTEX_POINT ( 'NONE', #323 ) ;
#866 = FACE_OUTER_BOUND ( 'NONE', #1632, .T. ) ;
#867 = ORIENTED_EDGE ( 'NONE', *, *, #519, .T. ) ;
#868 = EDGE_LOOP ( 'NONE', ( #1267, #1876, #3102, #809, #1125, #807, #2689, #2577, #148, #326, #1511, #1637, #2456 ) ) ;
#869 = ORIENTED_EDGE ( 'NONE', *, *, #2183, .F. ) ;
#870 = VERTEX_POINT ( 'NONE', #3020 ) ;
#871 = CARTESIAN_POINT ( 'NONE',  ( 8.500000000000000000, 15.00000000000000000, 7.350000000000000533 ) ) ;
#872 = DIRECTION ( 'NONE',  ( -1.000000000000000000, -0.000000000000000000, 1.286899466156778151E-16 ) ) ;
#873 = DIRECTION ( 'NONE',  ( -1.000000000000000000, -0.000000000000000000, 1.286899466156778151E-16 ) ) ;
#874 = EDGE_LOOP ( 'NONE', ( #2119, #308 ) ) ;
#875 = DIRECTION ( 'NONE',  ( -1.000000000000000000, -0.000000000000000000, 1.286899466156778151E-16 ) ) ;
#876 = EDGE_CURVE ( 'NONE', #1724, #2633, #1327, .T. ) ;
#877 = LINE ( 'NONE', #1899, #2073 ) ;
#878 = CARTESIAN_POINT ( 'NONE',  ( -15.26460602744324468, 13.11398119160416620, 19.56200197002865337 ) ) ;
#879 = ORIENTED_EDGE ( 'NONE', *, *, #1323, .F. ) ;
#880 = LINE ( 'NONE', #1660, #1435 ) ;
#881 = ORIENTED_EDGE ( 'NONE', *, *, #698, .T. ) ;
#882 = VERTEX_POINT ( 'NONE', #1823 ) ;
#883 = AXIS2_PLACEMENT_3D ( 'NONE', #2778, #268, #1816 ) ;
#884 = VERTEX_POINT ( 'NONE', #2819 ) ;
#885 = CARTESIAN_POINT ( 'NONE',  ( 0.000000000000000000, 1.000000000000000000, 0.000000000000000000 ) ) ;
#886 =( BOUNDED_CURVE ( )  B_SPLINE_CURVE ( 3, ( #1927, #2924, #2236, #736 ),
 .UNSPECIFIED., .F., .F. ) 
 B_SPLINE_CURVE_WITH_KNOTS ( ( 4, 4 ),
 ( 1.286899466156778151E-16, 3.141592653589793116 ),
 .UNSPECIFIED. ) 
 CURVE ( )  GEOMETRIC_REPRESENTATION_ITEM ( )  RATIONAL_B_SPLINE_CURVE ( ( 1.000000000000000000, 0.3333333333333333703, 0.3333333333333333703, 1.000000000000000000 ) ) 
 REPRESENTATION_ITEM ( '' )  );
#887 = LINE ( 'NONE', #2615, #1786 ) ;
#888 = PLANE ( 'NONE',  #2384 ) ;
#889 = EDGE_LOOP ( 'NONE', ( #604, #1764, #1315, #1014, #3195, #394, #523, #2402 ) ) ;
#890 = CARTESIAN_POINT ( 'NONE',  ( 30.73539397255677130, 13.11398119160481635, 118.7020019700286468 ) ) ;
#891 = VECTOR ( 'NONE', #1036, 1000.000000000000000 ) ;
#892 = CARTESIAN_POINT ( 'NONE',  ( -5.264606027443180736, 0.000000000000000000, 177.7214043947324171 ) ) ;
#893 = CARTESIAN_POINT ( 'NONE',  ( 30.46552769193255727, 14.99999999999998579, 4.757868120028708958 ) ) ;
#894 = ORIENTED_EDGE ( 'NONE', *, *, #2885, .T. ) ;
#895 = CARTESIAN_POINT ( 'NONE',  ( 8.500000000000000000, 15.00000000000000000, 12.65000000000000036 ) ) ;
#896 = AXIS2_PLACEMENT_3D ( 'NONE', #2526, #1331, #538 ) ;
#897 = VERTEX_POINT ( 'NONE', #1080 ) ;
#898 = EDGE_CURVE ( 'NONE', #194, #1067, #1756, .T. ) ;
#899 = ORIENTED_EDGE ( 'NONE', *, *, #1447, .F. ) ;
#900 = VECTOR ( 'NONE', #2692, 999.9999999999998863 ) ;
#901 = EDGE_CURVE ( 'NONE', #1193, #1929, #2698, .T. ) ;
#902 = ORIENTED_EDGE ( 'NONE', *, *, #454, .F. ) ;
#903 = LINE ( 'NONE', #1908, #2891 ) ;
#904 = EDGE_CURVE ( 'NONE', #1418, #1672, #2020, .T. ) ;
#905 = DIRECTION ( 'NONE',  ( 0.000000000000000000, 1.636531581110195656E-16, -1.000000000000000000 ) ) ;
#906 = CARTESIAN_POINT ( 'NONE',  ( 8.420984155169875862, 3.499999999999781952, 103.8978681200286616 ) ) ;
#907 = ORIENTED_EDGE ( 'NONE', *, *, #838, .F. ) ;
#908 = CARTESIAN_POINT ( 'NONE',  ( 7.525634833701304593, 13.11398119160503484, 167.2214043947202242 ) ) ;
#909 = AXIS2_PLACEMENT_3D ( 'NONE', #2727, #2253, #2201 ) ;
#910 = AXIS2_PLACEMENT_3D ( 'NONE', #1109, #1656, #2634 ) ;
#911 = CIRCLE ( 'NONE', #226, 2.249999999993868016 ) ;
#912 = CARTESIAN_POINT ( 'NONE',  ( 17.00000000000000000, 15.00000000000000000, 22.14999999999999858 ) ) ;
#913 = VERTEX_POINT ( 'NONE', #2083 ) ;
#914 = DIRECTION ( 'NONE',  ( 0.000000000000000000, 1.000000000000000000, 0.000000000000000000 ) ) ;
#915 = VERTEX_POINT ( 'NONE', #2833 ) ;
#916 = ORIENTED_EDGE ( 'NONE', *, *, #2173, .T. ) ;
#917 = EDGE_CURVE ( 'NONE', #1270, #734, #1836, .T. ) ;
#918 = VERTEX_POINT ( 'NONE', #828 ) ;
#919 = DIRECTION ( 'NONE',  ( 1.226077854277949192E-16, 0.6795025024858346585, 0.7336731895847690144 ) ) ;
#920 = EDGE_CURVE ( 'NONE', #607, #1482, #1783, .T. ) ;
#921 = PLANE ( 'NONE',  #206 ) ;
#922 = LINE ( 'NONE', #777, #2117 ) ;
#923 = VERTEX_POINT ( 'NONE', #2033 ) ;
#924 = FACE_BOUND ( 'NONE', #2323, .T. ) ;
#925 = DIRECTION ( 'NONE',  ( -1.000000000000000000, -0.000000000000000000, 1.286899466156778151E-16 ) ) ;
#926 = ORIENTED_EDGE ( 'NONE', *, *, #2986, .T. ) ;
#927 = CARTESIAN_POINT ( 'NONE',  ( 17.00000000000000000, 0.000000000000000000, 22.14999999999999858 ) ) ;
#928 = EDGE_LOOP ( 'NONE', ( #1382, #646, #1861, #2460, #2419, #1517, #1116, #2214 ) ) ;
#929 = EDGE_LOOP ( 'NONE', ( #2575, #701, #2870, #2517, #1813, #2136, #1233, #984, #2116, #2792 ) ) ;
#930 = EDGE_CURVE ( 'NONE', #1384, #56, #483, .T. ) ;
#931 = ORIENTED_EDGE ( 'NONE', *, *, #1984, .F. ) ;
#932 = LINE ( 'NONE', #2889, #2325 ) ;
#933 = CARTESIAN_POINT ( 'NONE',  ( 8.500000000000000000, 3.499999999999132250, 10.00000000000000000 ) ) ;
#934 = ORIENTED_EDGE ( 'NONE', *, *, #2507, .T. ) ;
#935 = CYLINDRICAL_SURFACE ( 'NONE', #2280, 2.249999999993895550 ) ;
#936 = ADVANCED_FACE ( 'NONE', ( #2783, #2766 ), #778, .F. ) ;
#937 = AXIS2_PLACEMENT_3D ( 'NONE', #1878, #1123, #1324 ) ;
#938 = VECTOR ( 'NONE', #309, 1000.000000000000000 ) ;
#939 =( GEOMETRIC_REPRESENTATION_CONTEXT ( 3 ) GLOBAL_UNCERTAINTY_ASSIGNED_CONTEXT ( ( #196 ) ) GLOBAL_UNIT_ASSIGNED_CONTEXT ( ( #697, #2654, #2415 ) ) REPRESENTATION_CONTEXT ( 'NONE', 'WORKASPACE' ) );
#940 = DIRECTION ( 'NONE',  ( -1.157618124926628724E-32, 1.000000000000000000, -8.995404500273531229E-17 ) ) ;
#941 = ORIENTED_EDGE ( 'NONE', *, *, #3161, .T. ) ;
#942 = LINE ( 'NONE', #2949, #2363 ) ;
#943 = CARTESIAN_POINT ( 'NONE',  ( 20.73658061723904211, 0.000000000000000000, -10.02859560527374860 ) ) ;
#944 = ORIENTED_EDGE ( 'NONE', *, *, #972, .T. ) ;
#945 = VERTEX_POINT ( 'NONE', #1040 ) ;
#946 = ORIENTED_EDGE ( 'NONE', *, *, #1789, .T. ) ;
#947 = LINE ( 'NONE', #164, #1062 ) ;
#948 = DIRECTION ( 'NONE',  ( -4.033246974645267065E-16, -0.7336731893943658767, -0.6795025026914167654 ) ) ;
#949 = CARTESIAN_POINT ( 'NONE',  ( 7.525634833701304593, 15.00000000000000000, 162.7214043947323603 ) ) ;
#950 = ORIENTED_EDGE ( 'NONE', *, *, #1199, .T. ) ;
#951 = EDGE_CURVE ( 'NONE', #2535, #210, #989, .T. ) ;
#952 = EDGE_CURVE ( 'NONE', #2535, #2720, #1274, .T. ) ;
#953 = DIRECTION ( 'NONE',  ( 0.000000000000000000, 0.000000000000000000, -1.000000000000000000 ) ) ;
#954 = ADVANCED_FACE ( 'NONE', ( #1998 ), #1007, .F. ) ;
#955 = ORIENTED_EDGE ( 'NONE', *, *, #417, .T. ) ;
#956 = VECTOR ( 'NONE', #513, 1000.000000000000227 ) ;
#957 = LINE ( 'NONE', #1965, #1941 ) ;
#958 = AXIS2_PLACEMENT_3D ( 'NONE', #2784, #2817, #2065 ) ;
#959 = LINE ( 'NONE', #222, #2425 ) ;
#960 = VERTEX_POINT ( 'NONE', #3240 ) ;
#961 = VERTEX_POINT ( 'NONE', #2311 ) ;
#962 = VECTOR ( 'NONE', #1981, 1000.000000000000000 ) ;
#963 = ORIENTED_EDGE ( 'NONE', *, *, #1161, .T. ) ;
#964 = CARTESIAN_POINT ( 'NONE',  ( -15.26460602744322514, 3.500000000000000000, 158.6861358150238743 ) ) ;
#965 = ORIENTED_EDGE ( 'NONE', *, *, #2821, .T. ) ;
#966 = CARTESIAN_POINT ( 'NONE',  ( -15.26460602744323936, 13.11398119160438291, 50.64200197002864456 ) ) ;
#967 = LINE ( 'NONE', #3171, #834 ) ;
#968 = ORIENTED_EDGE ( 'NONE', *, *, #876, .F. ) ;
#969 = DIRECTION ( 'NONE',  ( -1.000000000000000000, 0.000000000000000000, 5.935588108461891454E-16 ) ) ;
#970 = CIRCLE ( 'NONE', #1556, 2.149999999999997691 ) ;
#971 = CARTESIAN_POINT ( 'NONE',  ( 8.420984155169891849, 15.00000000000000000, 138.6569945773395602 ) ) ;
#972 = EDGE_CURVE ( 'NONE', #162, #511, #303, .T. ) ;
#973 = ORIENTED_EDGE ( 'NONE', *, *, #1263, .T. ) ;
#974 = FACE_OUTER_BOUND ( 'NONE', #1905, .T. ) ;
#975 = CARTESIAN_POINT ( 'NONE',  ( 18.88828769894390902, 11.98993999306308567, 18.52095424117894495 ) ) ;
#976 = ORIENTED_EDGE ( 'NONE', *, *, #616, .F. ) ;
#977 = EDGE_LOOP ( 'NONE', ( #993, #759, #2884 ) ) ;
#978 = ORIENTED_EDGE ( 'NONE', *, *, #1761, .F. ) ;
#979 = CARTESIAN_POINT ( 'NONE',  ( -15.26460602744322337, 13.11398119160503484, 169.0665541646970667 ) ) ;
#980 = CARTESIAN_POINT ( 'NONE',  ( 8.420984155169872309, -14.25477896919803023, 107.0699924420878091 ) ) ;
#981 = VERTEX_POINT ( 'NONE', #2243 ) ;
#982 = CARTESIAN_POINT ( 'NONE',  ( 30.73539397255676420, 13.11398119160459963, 81.72200197002865707 ) ) ;
#983 = LINE ( 'NONE', #789, #2110 ) ;
#984 = ORIENTED_EDGE ( 'NONE', *, *, #280, .T. ) ;
#985 = LINE ( 'NONE', #2221, #462 ) ;
#986 = VECTOR ( 'NONE', #2585, 1000.000000000000000 ) ;
#987 = AXIS2_PLACEMENT_3D ( 'NONE', #2229, #2717, #448 ) ;
#988 = FACE_OUTER_BOUND ( 'NONE', #2006, .T. ) ;
#989 = LINE ( 'NONE', #550, #1399 ) ;
#990 = CARTESIAN_POINT ( 'NONE',  ( -15.26460602744323758, 3.499999999999344080, 65.44613581502387945 ) ) ;
#991 = CARTESIAN_POINT ( 'NONE',  ( -5.264606027443180736, 0.000000000000000000, 179.9714043947262780 ) ) ;
#992 = DIRECTION ( 'NONE',  ( -4.033246974645254246E-16, -0.7336731893943680971, -0.6795025026914144339 ) ) ;
#993 = ORIENTED_EDGE ( 'NONE', *, *, #2703, .F. ) ;
#994 = DIRECTION ( 'NONE',  ( 1.323822129773691331E-16, -0.7336731895847673490, 0.6795025024858364349 ) ) ;
#995 = FACE_BOUND ( 'NONE', #1815, .T. ) ;
#996 = ADVANCED_FACE ( 'NONE', ( #289 ), #2522, .F. ) ;
#997 = ORIENTED_EDGE ( 'NONE', *, *, #2805, .T. ) ;
#998 = EDGE_CURVE ( 'NONE', #2401, #1829, #2278, .T. ) ;
#999 = LINE ( 'NONE', #509, #1386 ) ;
#1000 = LINE ( 'NONE', #3012, #891 ) ;
#1001 = ADVANCED_FACE ( 'NONE', ( #62 ), #1767, .F. ) ;
#1002 = ORIENTED_EDGE ( 'NONE', *, *, #1592, .T. ) ;
#1003 = CARTESIAN_POINT ( 'NONE',  ( 8.420984155169872309, 13.11398119160459963, 106.9065541646971269 ) ) ;
#1004 = VECTOR ( 'NONE', #2316, 1000.000000000000000 ) ;
#1005 = VECTOR ( 'NONE', #1665, 1000.000000000000000 ) ;
#1006 = DIRECTION ( 'NONE',  ( 0.000000000000000000, -0.000000000000000000, -1.000000000000000000 ) ) ;
#1007 = CYLINDRICAL_SURFACE ( 'NONE', #292, 2.649999999999999467 ) ;
#1008 = CARTESIAN_POINT ( 'NONE',  ( 16.73539397255682104, 15.00000000000000000, 181.9714043947262780 ) ) ;
#1009 = VECTOR ( 'NONE', #652, 1000.000000000000000 ) ;
#1010 = EDGE_LOOP ( 'NONE', ( #2055, #1951, #406, #344 ) ) ;
#1011 =( BOUNDED_CURVE ( )  B_SPLINE_CURVE ( 3, ( #1763, #1484, #233, #3236 ),
 .UNSPECIFIED., .F., .F. ) 
 B_SPLINE_CURVE_WITH_KNOTS ( ( 4, 4 ),
 ( 3.141592653589793116, 4.461513507625697095 ),
 .UNSPECIFIED. ) 
 CURVE ( )  GEOMETRIC_REPRESENTATION_ITEM ( )  RATIONAL_B_SPLINE_CURVE ( ( 1.000000000000000000, 0.8600109958273086663, 0.8600109958273086663, 1.000000000000000000 ) ) 
 REPRESENTATION_ITEM ( '' )  );
#1012 = DIRECTION ( 'NONE',  ( 0.000000000000000000, 0.000000000000000000, 1.000000000000000000 ) ) ;
#1013 = VECTOR ( 'NONE', #1881, 1000.000000000000000 ) ;
#1014 = ORIENTED_EDGE ( 'NONE', *, *, #856, .T. ) ;
#1015 = CARTESIAN_POINT ( 'NONE',  ( -15.26460602744323403, 3.499999999999565237, 90.62613581502390048 ) ) ;
#1016 = CARTESIAN_POINT ( 'NONE',  ( -3.982756142182843462, 0.000000000000000000, -10.02859560527365979 ) ) ;
#1017 = AXIS2_PLACEMENT_3D ( 'NONE', #3175, #1736, #3191 ) ;
#1018 = ORIENTED_EDGE ( 'NONE', *, *, #2583, .T. ) ;
#1019 = EDGE_CURVE ( 'NONE', #277, #1115, #2964, .T. ) ;
#1020 =( BOUNDED_CURVE ( )  B_SPLINE_CURVE ( 3, ( #2581, #333, #1583, #576 ),
 .UNSPECIFIED., .F., .F. ) 
 B_SPLINE_CURVE_WITH_KNOTS ( ( 4, 4 ),
 ( 0.000000000000000000, 1.365640201160825518 ),
 .UNSPECIFIED. ) 
 CURVE ( )  GEOMETRIC_REPRESENTATION_ITEM ( )  RATIONAL_B_SPLINE_CURVE ( ( 1.000000000000000000, 0.8505309130174876220, 0.8505309130174876220, 1.000000000000000000 ) ) 
 REPRESENTATION_ITEM ( '' )  );
#1021 = FACE_OUTER_BOUND ( 'NONE', #2249, .T. ) ;
#1022 = CARTESIAN_POINT ( 'NONE',  ( 8.420984155169861651, -29.74917740888257001, 90.34036351157828904 ) ) ;
#1023 = ORIENTED_EDGE ( 'NONE', *, *, #2543, .F. ) ;
#1024 = DIRECTION ( 'NONE',  ( 0.000000000000000000, 1.000000000000000000, 0.000000000000000000 ) ) ;
#1025 = DIRECTION ( 'NONE',  ( 0.000000000000000000, 0.7336731895847693474, -0.6795025024858341034 ) ) ;
#1026 = DIRECTION ( 'NONE',  ( -1.000000000000000000, -0.000000000000000000, 1.286899466156778151E-16 ) ) ;
#1027 = CARTESIAN_POINT ( 'NONE',  ( 17.00000000000000000, 15.00000000000000000, 20.00000000000000000 ) ) ;
#1028 = FACE_BOUND ( 'NONE', #874, .T. ) ;
#1029 = CARTESIAN_POINT ( 'NONE',  ( 30.73539397255676775, 13.11398119160481812, 112.8020019700286554 ) ) ;
#1030 = ORIENTED_EDGE ( 'NONE', *, *, #217, .F. ) ;
#1031 = CARTESIAN_POINT ( 'NONE',  ( 30.73539397255675709, 13.11398119160416620, 44.74655416469711611 ) ) ;
#1032 = DIRECTION ( 'NONE',  ( 1.323822129773695275E-16, -0.7336731895847696805, 0.6795025024858339924 ) ) ;
#1033 = ORIENTED_EDGE ( 'NONE', *, *, #3092, .T. ) ;
#1034 = EDGE_CURVE ( 'NONE', #3041, #1662, #970, .T. ) ;
#1035 = LINE ( 'NONE', #36, #2485 ) ;
#1036 = DIRECTION ( 'NONE',  ( -0.7071067811865513475, 0.000000000000000000, -0.7071067811865437980 ) ) ;
#1037 = ORIENTED_EDGE ( 'NONE', *, *, #1488, .F. ) ;
#1038 = CARTESIAN_POINT ( 'NONE',  ( 30.58401425420946396, 15.00000000000000000, 20.37688537445799852 ) ) ;
#1039 = CARTESIAN_POINT ( 'NONE',  ( -5.264606027443223368, 13.11398119160503484, 167.2214043947202242 ) ) ;
#1040 = CARTESIAN_POINT ( 'NONE',  ( -15.26460602744324291, 3.499999999999130917, 28.46613581502390389 ) ) ;
#1041 = CARTESIAN_POINT ( 'NONE',  ( -2.292470316735511826, 5.936201672021081954, 167.2214043947202242 ) ) ;
#1042 = EDGE_CURVE ( 'NONE', #2213, #2437, #2751, .T. ) ;
#1043 = VECTOR ( 'NONE', #7, 1000.000000000000000 ) ;
#1044 = ADVANCED_FACE ( 'NONE', ( #45 ), #254, .F. ) ;
#1045 = CARTESIAN_POINT ( 'NONE',  ( 8.420984155169835006, 13.11398119160416620, 44.74655416469711611 ) ) ;
#1046 = DIRECTION ( 'NONE',  ( 0.000000000000000000, 1.000000000000000000, 0.000000000000000000 ) ) ;
#1047 = EDGE_CURVE ( 'NONE', #2044, #2643, #1801, .T. ) ;
#1048 = ORIENTED_EDGE ( 'NONE', *, *, #1959, .F. ) ;
#1049 = AXIS2_PLACEMENT_3D ( 'NONE', #2516, #1731, #2026 ) ;
#1050 = DIRECTION ( 'NONE',  ( 1.000000000000000000, 0.000000000000000000, -8.673617379884023639E-16 ) ) ;
#1051 = ORIENTED_EDGE ( 'NONE', *, *, #461, .T. ) ;
#1052 =( BOUNDED_CURVE ( )  B_SPLINE_CURVE ( 3, ( #128, #2590, #340, #2346 ),
 .UNSPECIFIED., .F., .F. ) 
 B_SPLINE_CURVE_WITH_KNOTS ( ( 4, 4 ),
 ( 3.141592653589793116, 6.283185307179586232 ),
 .UNSPECIFIED. ) 
 CURVE ( )  GEOMETRIC_REPRESENTATION_ITEM ( )  RATIONAL_B_SPLINE_CURVE ( ( 1.000000000000000000, 0.3333333333333333703, 0.3333333333333333703, 1.000000000000000000 ) ) 
 REPRESENTATION_ITEM ( '' )  );
#1053 = DIRECTION ( 'NONE',  ( -0.000000000000000000, -1.000000000000000000, -0.000000000000000000 ) ) ;
#1054 = ORIENTED_EDGE ( 'NONE', *, *, #635, .F. ) ;
#1055 = CARTESIAN_POINT ( 'NONE',  ( 8.500000000000000000, 5.650946824011813696, 12.65000000000000036 ) ) ;
#1056 = ORIENTED_EDGE ( 'NONE', *, *, #2069, .T. ) ;
#1057 = CARTESIAN_POINT ( 'NONE',  ( 24.73539397255681394, 20.41829139150955186, 176.9531720100701762 ) ) ;
#1058 = CARTESIAN_POINT ( 'NONE',  ( 24.73539397255682104, 0.000000000000000000, 181.9714043947262780 ) ) ;
#1059 = DIRECTION ( 'NONE',  ( 0.000000000000000000, 0.000000000000000000, -1.000000000000000000 ) ) ;
#1060 = VECTOR ( 'NONE', #2932, 1000.000000000000000 ) ;
#1061 = EDGE_CURVE ( 'NONE', #2746, #1084, #2504, .T. ) ;
#1062 = VECTOR ( 'NONE', #671, 1000.000000000000000 ) ;
#1063 = EDGE_CURVE ( 'NONE', #2983, #2351, #2327, .T. ) ;
#1064 = DIRECTION ( 'NONE',  ( -1.000000000000000000, -0.000000000000000000, 1.286899466156778151E-16 ) ) ;
#1065 = FACE_OUTER_BOUND ( 'NONE', #1678, .T. ) ;
#1066 = EDGE_CURVE ( 'NONE', #2674, #1793, #1092, .T. ) ;
#1067 = VERTEX_POINT ( 'NONE', #2393 ) ;
#1068 = CARTESIAN_POINT ( 'NONE',  ( 24.73539397255677841, 15.00000000000000000, 154.9714043947262780 ) ) ;
#1069 = CIRCLE ( 'NONE', #488, 2.649999999999999467 ) ;
#1070 = ORIENTED_EDGE ( 'NONE', *, *, #123, .T. ) ;
#1071 = VECTOR ( 'NONE', #2493, 999.9999999999998863 ) ;
#1072 = DIRECTION ( 'NONE',  ( -1.000000000000000000, -0.000000000000000000, 3.579015818096174421E-15 ) ) ;
#1073 = EDGE_LOOP ( 'NONE', ( #1974, #2320, #2135 ) ) ;
#1074 = CARTESIAN_POINT ( 'NONE',  ( 8.500000000000000000, 15.00000000000000000, 12.65000000000000036 ) ) ;
#1075 = VECTOR ( 'NONE', #1609, 999.9999999999998863 ) ;
#1076 = CARTESIAN_POINT ( 'NONE',  ( -15.26460602744324646, 15.00000000000000000, 1.253254279986792952 ) ) ;
#1077 = LINE ( 'NONE', #3079, #2667 ) ;
#1078 = EDGE_CURVE ( 'NONE', #1648, #1964, #1107, .T. ) ;
#1079 = CARTESIAN_POINT ( 'NONE',  ( 16.73539397255682104, 15.00000000000000000, 181.9714043947262780 ) ) ;
#1080 = CARTESIAN_POINT ( 'NONE',  ( -15.26460602744322159, 15.00000000000000000, 189.9714043947263065 ) ) ;
#1081 = ORIENTED_EDGE ( 'NONE', *, *, #1592, .F. ) ;
#1082 = LINE ( 'NONE', #2561, #2621 ) ;
#1083 = EDGE_CURVE ( 'NONE', #915, #3083, #580, .T. ) ;
#1084 = VERTEX_POINT ( 'NONE', #335 ) ;
#1085 = DIRECTION ( 'NONE',  ( -1.157618124926628724E-32, 1.000000000000000000, -8.995404500273531229E-17 ) ) ;
#1086 = ORIENTED_EDGE ( 'NONE', *, *, #1323, .T. ) ;
#1087 = DIRECTION ( 'NONE',  ( -0.000000000000000000, -1.000000000000000000, -0.000000000000000000 ) ) ;
#1088 = DIRECTION ( 'NONE',  ( -0.000000000000000000, -1.000000000000000000, -0.000000000000000000 ) ) ;
#1089 = VERTEX_POINT ( 'NONE', #2860 ) ;
#1090 = CARTESIAN_POINT ( 'NONE',  ( -15.26460602744322514, 3.499999999999975131, 158.6861358150238743 ) ) ;
#1091 = FACE_OUTER_BOUND ( 'NONE', #641, .T. ) ;
#1092 = CIRCLE ( 'NONE', #2928, 2.149999999999999023 ) ;
#1093 = CARTESIAN_POINT ( 'NONE',  ( 17.00000000000000000, 15.00000000000000000, 22.14999999999999858 ) ) ;
#1094 = ORIENTED_EDGE ( 'NONE', *, *, #396, .T. ) ;
#1095 = FACE_BOUND ( 'NONE', #1209, .T. ) ;
#1096 = ORIENTED_EDGE ( 'NONE', *, *, #494, .T. ) ;
#1097 = EDGE_CURVE ( 'NONE', #1642, #1683, #1636, .T. ) ;
#1098 = ADVANCED_FACE ( 'NONE', ( #3065 ), #611, .F. ) ;
#1099 = VECTOR ( 'NONE', #1253, 1000.000000000000000 ) ;
#1100 = VECTOR ( 'NONE', #2097, 1000.000000000000000 ) ;
#1101 = EDGE_CURVE ( 'NONE', #587, #433, #1373, .T. ) ;
#1102 = VECTOR ( 'NONE', #666, 1000.000000000000000 ) ;
#1103 = LINE ( 'NONE', #2372, #3055 ) ;
#1104 = EDGE_LOOP ( 'NONE', ( #2318, #1056 ) ) ;
#1105 = EDGE_CURVE ( 'NONE', #1089, #918, #657, .T. ) ;
#1106 = CARTESIAN_POINT ( 'NONE',  ( 30.73539397255676420, 13.11398119160459963, 87.62200197002864854 ) ) ;
#1107 = LINE ( 'NONE', #1058, #256 ) ;
#1108 = EDGE_LOOP ( 'NONE', ( #2179, #965, #2837, #2340 ) ) ;
#1109 = CARTESIAN_POINT ( 'NONE',  ( 7.525634833701304593, 15.00000000000000000, 179.9714043947263065 ) ) ;
#1110 = LINE ( 'NONE', #2112, #548 ) ;
#1111 = CARTESIAN_POINT ( 'NONE',  ( 10.49777054440902546, 5.936201672021077513, 167.2214043947202242 ) ) ;
#1112 = VECTOR ( 'NONE', #2339, 1000.000000000000000 ) ;
#1113 = ORIENTED_EDGE ( 'NONE', *, *, #1508, .T. ) ;
#1114 = DIRECTION ( 'NONE',  ( -1.323822129773694782E-16, 0.7336731895847695695, -0.6795025024858339924 ) ) ;
#1115 = VERTEX_POINT ( 'NONE', #1357 ) ;
#1116 = ORIENTED_EDGE ( 'NONE', *, *, #2805, .F. ) ;
#1117 = ORIENTED_EDGE ( 'NONE', *, *, #2947, .T. ) ;
#1118 = DIRECTION ( 'NONE',  ( 0.000000000000000000, 0.000000000000000000, 1.000000000000000000 ) ) ;
#1119 = ORIENTED_EDGE ( 'NONE', *, *, #1529, .F. ) ;
#1120 = EDGE_CURVE ( 'NONE', #2820, #2812, #2632, .T. ) ;
#1121 = VECTOR ( 'NONE', #2251, 1000.000000000000000 ) ;
#1122 = CIRCLE ( 'NONE', #2956, 2.249999999993895550 ) ;
#1123 = DIRECTION ( 'NONE',  ( -3.259316603504852690E-31, 1.000000000000000000, -2.532689374126900046E-15 ) ) ;
#1124 = DIRECTION ( 'NONE',  ( 0.7071067811865513475, 0.000000000000000000, 0.7071067811865436870 ) ) ;
#1125 = ORIENTED_EDGE ( 'NONE', *, *, #1589, .T. ) ;
#1126 = DIRECTION ( 'NONE',  ( -0.005154667840781727156, 0.7336634424513954755, -0.6794934750310845928 ) ) ;
#1127 = AXIS2_PLACEMENT_3D ( 'NONE', #1758, #3039, #1531 ) ;
#1128 = DIRECTION ( 'NONE',  ( 0.000000000000000000, 1.000000000000000000, 0.000000000000000000 ) ) ;
#1129 = CARTESIAN_POINT ( 'NONE',  ( -15.26460602744324646, 15.00000000000000000, 1.253254279986792952 ) ) ;
#1130 = ORIENTED_EDGE ( 'NONE', *, *, #2994, .F. ) ;
#1131 = VECTOR ( 'NONE', #2977, 999.9999999999998863 ) ;
#1132 = CARTESIAN_POINT ( 'NONE',  ( 16.73539397255682104, 0.000000000000000000, 181.9714043947262780 ) ) ;
#1133 = ORIENTED_EDGE ( 'NONE', *, *, #2349, .F. ) ;
#1134 = ORIENTED_EDGE ( 'NONE', *, *, #2031, .T. ) ;
#1135 = VERTEX_POINT ( 'NONE', #2080 ) ;
#1136 = ORIENTED_EDGE ( 'NONE', *, *, #2863, .F. ) ;
#1137 = DIRECTION ( 'NONE',  ( -3.090499121305414175E-29, -1.000000000000000000, -2.401507812055390302E-13 ) ) ;
#1138 = EDGE_CURVE ( 'NONE', #1204, #3024, #321, .T. ) ;
#1139 = DIRECTION ( 'NONE',  ( 0.000000000000000000, 0.000000000000000000, 1.000000000000000000 ) ) ;
#1140 = LINE ( 'NONE', #755, #2091 ) ;
#1141 = ORIENTED_EDGE ( 'NONE', *, *, #1627, .F. ) ;
#1142 = LINE ( 'NONE', #366, #1856 ) ;
#1143 = EDGE_CURVE ( 'NONE', #2633, #1648, #1820, .T. ) ;
#1144 = DIRECTION ( 'NONE',  ( -1.000000000000000000, -0.000000000000000000, 3.579015818096174421E-15 ) ) ;
#1145 = EDGE_CURVE ( 'NONE', #753, #1829, #2875, .T. ) ;
#1146 = CARTESIAN_POINT ( 'NONE',  ( 11.19830964961760955, 3.261069431759633819, 164.3330076690369310 ) ) ;
#1147 = VERTEX_POINT ( 'NONE', #564 ) ;
#1148 = EDGE_CURVE ( 'NONE', #1193, #2337, #1572, .T. ) ;
#1149 = CARTESIAN_POINT ( 'NONE',  ( 30.73539397255677130, 13.11398119160481812, 137.9865541646971394 ) ) ;
#1150 = EDGE_LOOP ( 'NONE', ( #2826, #443, #2936, #2387, #349, #2611, #555, #3151, #3076, #2657, #2445, #2252, #1565, #837, #1374, #1903 ) ) ;
#1151 = VERTEX_POINT ( 'NONE', #1325 ) ;
#1152 = VECTOR ( 'NONE', #2573, 1000.000000000000000 ) ;
#1153 = EDGE_CURVE ( 'NONE', #1817, #2240, #1077, .T. ) ;
#1154 = ORIENTED_EDGE ( 'NONE', *, *, #517, .F. ) ;
#1155 = CARTESIAN_POINT ( 'NONE',  ( 30.73539397255675709, 13.11398119160416620, 19.56200197002864627 ) ) ;
#1156 = CARTESIAN_POINT ( 'NONE',  ( 2.632990618166808249E-16, 10.31966511132194064, 22.14999999999999858 ) ) ;
#1157 = CARTESIAN_POINT ( 'NONE',  ( 0.000000000000000000, 11.26549654198873007, 17.85000000000000142 ) ) ;
#1158 = ORIENTED_EDGE ( 'NONE', *, *, #2993, .T. ) ;
#1159 = DIRECTION ( 'NONE',  ( 1.000000000000000000, 0.000000000000000000, -8.673617379884023639E-16 ) ) ;
#1160 = CARTESIAN_POINT ( 'NONE',  ( 8.420984155169835006, 15.00000000000000000, 42.21183419698265027 ) ) ;
#1161 = EDGE_CURVE ( 'NONE', #1270, #3109, #1456, .T. ) ;
#1162 = VERTEX_POINT ( 'NONE', #2844 ) ;
#1163 = EDGE_CURVE ( 'NONE', #1683, #450, #104, .T. ) ;
#1164 = FACE_OUTER_BOUND ( 'NONE', #2669, .T. ) ;
#1165 = VECTOR ( 'NONE', #2180, 999.9999999999998863 ) ;
#1166 = ORIENTED_EDGE ( 'NONE', *, *, #1097, .F. ) ;
#1167 = ORIENTED_EDGE ( 'NONE', *, *, #2507, .F. ) ;
#1168 = AXIS2_PLACEMENT_3D ( 'NONE', #1649, #1404, #3152 ) ;
#1169 = ORIENTED_EDGE ( 'NONE', *, *, #475, .F. ) ;
#1170 = DIRECTION ( 'NONE',  ( 0.000000000000000000, -0.000000000000000000, 1.000000000000000000 ) ) ;
#1171 = CIRCLE ( 'NONE', #2013, 2.149999999999999023 ) ;
#1172 = DIRECTION ( 'NONE',  ( 0.000000000000000000, 0.000000000000000000, 1.000000000000000000 ) ) ;
#1173 = CARTESIAN_POINT ( 'NONE',  ( -5.264606027443223368, 13.11398119160503484, 162.7214043947323603 ) ) ;
#1174 = VERTEX_POINT ( 'NONE', #645 ) ;
#1175 =( NAMED_UNIT ( * ) PLANE_ANGLE_UNIT ( ) SI_UNIT ( $, .RADIAN. ) );
#1176 = VECTOR ( 'NONE', #1834, 1000.000000000000000 ) ;
#1177 = DIRECTION ( 'NONE',  ( 0.000000000000000000, 0.000000000000000000, -1.000000000000000000 ) ) ;
#1178 = EDGE_CURVE ( 'NONE', #870, #2474, #3156, .T. ) ;
#1179 = ORIENTED_EDGE ( 'NONE', *, *, #2608, .T. ) ;
#1180 = DIRECTION ( 'NONE',  ( -0.000000000000000000, -1.000000000000000000, -0.000000000000000000 ) ) ;
#1181 = ORIENTED_EDGE ( 'NONE', *, *, #3187, .F. ) ;
#1182 = ORIENTED_EDGE ( 'NONE', *, *, #2314, .T. ) ;
#1183 = ORIENTED_EDGE ( 'NONE', *, *, #577, .F. ) ;
#1184 = CARTESIAN_POINT ( 'NONE',  ( 30.73539397255677841, 1.999999999997095657, 174.9714043947263917 ) ) ;
#1185 = EDGE_CURVE ( 'NONE', #18, #39, #1741, .T. ) ;
#1186 = CARTESIAN_POINT ( 'NONE',  ( 2.405356864604788925, 11.55501312523832169, 21.00586378402055843 ) ) ;
#1187 = ORIENTED_EDGE ( 'NONE', *, *, #2208, .F. ) ;
#1188 = CARTESIAN_POINT ( 'NONE',  ( 7.525634833701304593, 1.999999999998956612, 167.2214043947202242 ) ) ;
#1189 = CARTESIAN_POINT ( 'NONE',  ( 8.500000000000000000, 15.00000000000000000, 7.350000000000000533 ) ) ;
#1190 = ORIENTED_EDGE ( 'NONE', *, *, #998, .F. ) ;
#1191 = DIRECTION ( 'NONE',  ( -0.000000000000000000, 1.000000000000000000, -7.492070160219515781E-15 ) ) ;
#1192 = CARTESIAN_POINT ( 'NONE',  ( 7.525634833701304593, 15.00000000000000000, 167.2214043947202242 ) ) ;
#1193 = VERTEX_POINT ( 'NONE', #2157 ) ;
#1194 = EDGE_LOOP ( 'NONE', ( #1748, #1709, #1190, #343 ) ) ;
#1195 = ORIENTED_EDGE ( 'NONE', *, *, #1347, .F. ) ;
#1196 = FACE_OUTER_BOUND ( 'NONE', #1950, .T. ) ;
#1197 = PRODUCT_DEFINITION ( 'UNKNOWN', '', #2355, #1843 ) ;
#1198 = VECTOR ( 'NONE', #2552, 1000.000000000000000 ) ;
#1199 = EDGE_CURVE ( 'NONE', #18, #2240, #2648, .T. ) ;
#1200 = DIRECTION ( 'NONE',  ( 4.354781859596661625E-16, 0.6795025024858346585, 0.7336731895847690144 ) ) ;
#1201 = EDGE_CURVE ( 'NONE', #587, #2307, #660, .T. ) ;
#1202 = DIRECTION ( 'NONE',  ( 0.000000000000000000, 1.000000000000000000, 0.000000000000000000 ) ) ;
#1203 = EDGE_CURVE ( 'NONE', #2394, #185, #2758, .T. ) ;
#1204 = VERTEX_POINT ( 'NONE', #2739 ) ;
#1205 = DIRECTION ( 'NONE',  ( 5.935588108461891454E-16, -9.741112982886280969E-17, 1.000000000000000000 ) ) ;
#1206 = CIRCLE ( 'NONE', #678, 2.249999999993923527 ) ;
#1207 = AXIS2_PLACEMENT_3D ( 'NONE', #2302, #2791, #1532 ) ;
#1208 = CARTESIAN_POINT ( 'NONE',  ( 30.73539397255677130, 3.499999999999783284, 127.6061358150238902 ) ) ;
#1209 = EDGE_LOOP ( 'NONE', ( #1466, #205 ) ) ;
#1210 = CARTESIAN_POINT ( 'NONE',  ( -15.26460602744323936, 1.000000000000000000, 42.21183419698265027 ) ) ;
#1211 = DIRECTION ( 'NONE',  ( 1.541976423090495831E-15, 0.000000000000000000, 1.000000000000000000 ) ) ;
#1212 = EDGE_LOOP ( 'NONE', ( #3085, #1514, #726, #3173, #413, #2114, #1051, #978, #575, #2965, #1477, #2951 ) ) ;
#1213 = ORIENTED_EDGE ( 'NONE', *, *, #319, .T. ) ;
#1214 = ORIENTED_EDGE ( 'NONE', *, *, #1685, .F. ) ;
#1215 = DIRECTION ( 'NONE',  ( -0.000000000000000000, -1.000000000000000000, -0.000000000000000000 ) ) ;
#1216 = ORIENTED_EDGE ( 'NONE', *, *, #1742, .T. ) ;
#1217 = CIRCLE ( 'NONE', #2582, 8.000000000000007105 ) ;
#1218 = DIRECTION ( 'NONE',  ( -1.000000000000000000, -0.000000000000000000, 1.286899466156778151E-16 ) ) ;
#1219 = DIRECTION ( 'NONE',  ( -1.323822129430135504E-16, -0.7336731893943659877, -0.6795025026914168764 ) ) ;
#1220 = EDGE_CURVE ( 'NONE', #421, #913, #1256, .T. ) ;
#1221 = ORIENTED_EDGE ( 'NONE', *, *, #2099, .T. ) ;
#1222 = FACE_OUTER_BOUND ( 'NONE', #2835, .T. ) ;
#1223 = PRODUCT_DEFINITION_SHAPE ( 'NONE', 'NONE',  #1197 ) ;
#1224 = DIRECTION ( 'NONE',  ( 0.000000000000000000, 1.000000000000000000, 0.000000000000000000 ) ) ;
#1225 =( BOUNDED_CURVE ( )  B_SPLINE_CURVE ( 3, ( #1585, #1571, #77, #1926 ),
 .UNSPECIFIED., .F., .F. ) 
 B_SPLINE_CURVE_WITH_KNOTS ( ( 4, 4 ),
 ( 4.917545106018760492, 6.283185307179586232 ),
 .UNSPECIFIED. ) 
 CURVE ( )  GEOMETRIC_REPRESENTATION_ITEM ( )  RATIONAL_B_SPLINE_CURVE ( ( 1.000000000000000000, 0.8505309130174876220, 0.8505309130174876220, 1.000000000000000000 ) ) 
 REPRESENTATION_ITEM ( '' )  );
#1226 = VERTEX_POINT ( 'NONE', #2406 ) ;
#1227 = VECTOR ( 'NONE', #2063, 1000.000000000000000 ) ;
#1228 = DIRECTION ( 'NONE',  ( 0.000000000000000000, 0.000000000000000000, -1.000000000000000000 ) ) ;
#1229 = LINE ( 'NONE', #2688, #1479 ) ;
#1230 = ORIENTED_EDGE ( 'NONE', *, *, #2431, .F. ) ;
#1231 = VERTEX_POINT ( 'NONE', #1157 ) ;
#1232 = VECTOR ( 'NONE', #211, 1000.000000000000000 ) ;
#1233 = ORIENTED_EDGE ( 'NONE', *, *, #2224, .T. ) ;
#1234 = CARTESIAN_POINT ( 'NONE',  ( -15.26460602744322159, 0.000000000000000000, 189.9714043947263065 ) ) ;
#1235 = CARTESIAN_POINT ( 'NONE',  ( 17.00000000000000000, 0.000000000000000000, 0.000000000000000000 ) ) ;
#1236 = ORIENTED_EDGE ( 'NONE', *, *, #1744, .T. ) ;
#1237 = PLANE ( 'NONE',  #909 ) ;
#1238 = CARTESIAN_POINT ( 'NONE',  ( -5.264606027443223368, 15.00000000000000000, 162.7214043947323603 ) ) ;
#1239 = ORIENTED_EDGE ( 'NONE', *, *, #635, .T. ) ;
#1240 = DIRECTION ( 'NONE',  ( -9.441636360101777836E-17, -0.6795025024858364349, -0.7336731895847673490 ) ) ;
#1241 = FACE_BOUND ( 'NONE', #977, .T. ) ;
#1242 = DIRECTION ( 'NONE',  ( -0.000000000000000000, -1.000000000000000000, -0.000000000000000000 ) ) ;
#1243 = FACE_OUTER_BOUND ( 'NONE', #2285, .T. ) ;
#1244 = CARTESIAN_POINT ( 'NONE',  ( 8.420984155169891849, 13.11398119160481812, 138.6569945773395602 ) ) ;
#1245 = EDGE_CURVE ( 'NONE', #121, #260, #2985, .T. ) ;
#1246 = LINE ( 'NONE', #436, #2838 ) ;
#1247 = EDGE_CURVE ( 'NONE', #1929, #2626, #1140, .T. ) ;
#1248 = ORIENTED_EDGE ( 'NONE', *, *, #2344, .F. ) ;
#1249 = LINE ( 'NONE', #2738, #1550 ) ;
#1250 = DIRECTION ( 'NONE',  ( -1.079197837902161914E-16, 0.000000000000000000, -1.000000000000000000 ) ) ;
#1251 = ORIENTED_EDGE ( 'NONE', *, *, #798, .F. ) ;
#1252 = CARTESIAN_POINT ( 'NONE',  ( 30.73539397255675709, 3.499999999999347633, 41.73786812002864366 ) ) ;
#1253 = DIRECTION ( 'NONE',  ( 1.948222596577256194E-16, -9.741112982886280969E-17, 1.000000000000000000 ) ) ;
#1254 = VERTEX_POINT ( 'NONE', #1499 ) ;
#1255 = DIRECTION ( 'NONE',  ( -0.000000000000000000, -1.000000000000000000, -0.000000000000000000 ) ) ;
#1256 = CIRCLE ( 'NONE', #3087, 2.149999999999997691 ) ;
#1257 = CARTESIAN_POINT ( 'NONE',  ( 0.000000000000000000, 13.99999999999999822, 0.000000000000000000 ) ) ;
#1258 = CARTESIAN_POINT ( 'NONE',  ( 30.73539397255677841, 13.11398119160503128, 174.9714043947263065 ) ) ;
#1259 = DIRECTION ( 'NONE',  ( -1.157618124926628724E-32, 1.000000000000000000, -8.995404500273531229E-17 ) ) ;
#1260 = CARTESIAN_POINT ( 'NONE',  ( 24.73539397255682104, 1.999999999995415223, 181.9714043947231801 ) ) ;
#1261 = VECTOR ( 'NONE', #1698, 1000.000000000000000 ) ;
#1262 = FACE_OUTER_BOUND ( 'NONE', #1450, .T. ) ;
#1263 = EDGE_CURVE ( 'NONE', #2720, #3140, #3139, .T. ) ;
#1264 = ORIENTED_EDGE ( 'NONE', *, *, #2993, .F. ) ;
#1265 = DIRECTION ( 'NONE',  ( -0.000000000000000000, -1.000000000000000000, -0.000000000000000000 ) ) ;
#1266 = LINE ( 'NONE', #1068, #2467 ) ;
#1267 = ORIENTED_EDGE ( 'NONE', *, *, #800, .T. ) ;
#1268 = DIRECTION ( 'NONE',  ( 0.000000000000000000, 1.000000000000000000, 0.000000000000000000 ) ) ;
#1269 = CARTESIAN_POINT ( 'NONE',  ( -15.26460602744323047, 3.499999999999782396, 121.7061358150238988 ) ) ;
#1270 = VERTEX_POINT ( 'NONE', #229 ) ;
#1271 = FACE_OUTER_BOUND ( 'NONE', #70, .T. ) ;
#1272 = VECTOR ( 'NONE', #3232, 1000.000000000000000 ) ;
#1273 = CARTESIAN_POINT ( 'NONE',  ( 30.46552769193255727, 3.499999999999999556, 4.757868120028676984 ) ) ;
#1274 = LINE ( 'NONE', #1309, #2548 ) ;
#1275 = PLANE ( 'NONE',  #2017 ) ;
#1276 = AXIS2_PLACEMENT_3D ( 'NONE', #3209, #2967, #1707 ) ;
#1277 = DIRECTION ( 'NONE',  ( 0.000000000000000000, 1.000000000000000000, 0.000000000000000000 ) ) ;
#1278 = LINE ( 'NONE', #1561, #1152 ) ;
#1279 = DIRECTION ( 'NONE',  ( -0.000000000000000000, -1.000000000000000000, -0.000000000000000000 ) ) ;
#1280 = EDGE_CURVE ( 'NONE', #382, #3179, #2663, .T. ) ;
#1281 = ORIENTED_EDGE ( 'NONE', *, *, #838, .T. ) ;
#1282 = DIRECTION ( 'NONE',  ( 0.000000000000000000, 0.000000000000000000, -1.000000000000000000 ) ) ;
#1283 = LINE ( 'NONE', #2822, #2780 ) ;
#1284 = VECTOR ( 'NONE', #863, 1000.000000000000000 ) ;
#1285 = ORIENTED_EDGE ( 'NONE', *, *, #3033, .T. ) ;
#1286 = FACE_OUTER_BOUND ( 'NONE', #390, .T. ) ;
#1287 = EDGE_CURVE ( 'NONE', #1957, #2706, #1408, .T. ) ;
#1288 = PLANE ( 'NONE',  #468 ) ;
#1289 = ORIENTED_EDGE ( 'NONE', *, *, #2568, .F. ) ;
#1290 = CARTESIAN_POINT ( 'NONE',  ( -15.26460602744322692, 13.11398119160503306, 143.8820019700285968 ) ) ;
#1291 = VECTOR ( 'NONE', #1026, 1000.000000000000000 ) ;
#1292 = EDGE_CURVE ( 'NONE', #1662, #913, #2893, .T. ) ;
#1293 = DIRECTION ( 'NONE',  ( -1.000000000000000000, -0.000000000000000000, 1.286899466156778151E-16 ) ) ;
#1294 = CARTESIAN_POINT ( 'NONE',  ( 30.73539397255676420, 3.499999999999348965, 65.44613581502387945 ) ) ;
#1295 = CARTESIAN_POINT ( 'NONE',  ( 2.632990618166808249E-16, 15.00000000000000000, 22.14999999999999858 ) ) ;
#1296 = FACE_BOUND ( 'NONE', #332, .T. ) ;
#1297 = DIRECTION ( 'NONE',  ( 9.441636360101806185E-17, 0.6795025024858341034, 0.7336731895847694584 ) ) ;
#1298 = ORIENTED_EDGE ( 'NONE', *, *, #1101, .T. ) ;
#1299 = CYLINDRICAL_SURFACE ( 'NONE', #1394, 2.249999999993923527 ) ;
#1300 = LINE ( 'NONE', #3057, #2052 ) ;
#1301 = VERTEX_POINT ( 'NONE', #906 ) ;
#1302 = DIRECTION ( 'NONE',  ( -0.000000000000000000, -1.000000000000000000, -0.000000000000000000 ) ) ;
#1303 = ORIENTED_EDGE ( 'NONE', *, *, #1959, .T. ) ;
#1304 = CARTESIAN_POINT ( 'NONE',  ( 30.73539397255677130, 3.499999999999782396, 121.7061358150238988 ) ) ;
#1305 = ORIENTED_EDGE ( 'NONE', *, *, #2944, .F. ) ;
#1306 = EDGE_CURVE ( 'NONE', #1743, #3224, #2678, .T. ) ;
#1307 = ADVANCED_FACE ( 'NONE', ( #1513, #995, #2141, #1422, #139, #3006 ), #888, .F. ) ;
#1308 = CARTESIAN_POINT ( 'NONE',  ( -5.264606027443223368, 1.999999999998956612, 167.2214043947202242 ) ) ;
#1309 = CARTESIAN_POINT ( 'NONE',  ( 22.62331695537670839, -2.192577500001891888, 28.21973977364755726 ) ) ;
#1310 = FACE_OUTER_BOUND ( 'NONE', #2118, .T. ) ;
#1311 = CIRCLE ( 'NONE', #3137, 2.149999999999999911 ) ;
#1312 = DIRECTION ( 'NONE',  ( 8.744514077012179390E-17, -0.7336731895847671270, 0.6795025024858366569 ) ) ;
#1313 = CARTESIAN_POINT ( 'NONE',  ( -15.26460602744322514, 1.999999999999977573, 162.9714043947263633 ) ) ;
#1314 = AXIS2_PLACEMENT_3D ( 'NONE', #1414, #2916, #2191 ) ;
#1315 = ORIENTED_EDGE ( 'NONE', *, *, #1363, .T. ) ;
#1316 = VECTOR ( 'NONE', #2534, 1000.000000000000000 ) ;
#1317 = DIRECTION ( 'NONE',  ( -1.000000000000000000, 0.000000000000000000, 0.000000000000000000 ) ) ;
#1318 = EDGE_LOOP ( 'NONE', ( #1708, #593 ) ) ;
#1319 = CARTESIAN_POINT ( 'NONE',  ( 24.73539397255677841, 0.000000000000000000, 154.9714043947262780 ) ) ;
#1320 = VERTEX_POINT ( 'NONE', #1173 ) ;
#1321 = LINE ( 'NONE', #3077, #2043 ) ;
#1322 = EDGE_CURVE ( 'NONE', #1371, #2594, #886, .T. ) ;
#1323 = EDGE_CURVE ( 'NONE', #3083, #1384, #922, .T. ) ;
#1324 = DIRECTION ( 'NONE',  ( 0.000000000000000000, 2.618450529776313049E-15, 1.000000000000000000 ) ) ;
#1325 = CARTESIAN_POINT ( 'NONE',  ( 30.57783251231914434, 13.11398119160416620, 19.56200197002864627 ) ) ;
#1326 = CARTESIAN_POINT ( 'NONE',  ( -5.264606027443223368, 5.936201672021079290, 167.2214043947202242 ) ) ;
#1327 = CIRCLE ( 'NONE', #135, 8.000000000000007105 ) ;
#1328 = AXIS2_PLACEMENT_3D ( 'NONE', #2676, #424, #1434 ) ;
#1329 = ADVANCED_FACE ( 'NONE', ( #988 ), #2503, .F. ) ;
#1330 = FACE_BOUND ( 'NONE', #1972, .T. ) ;
#1331 = DIRECTION ( 'NONE',  ( -1.253583309744921774E-32, -1.000000000000000000, -9.741112982886280969E-17 ) ) ;
#1332 = CIRCLE ( 'NONE', #2432, 2.149999999999999911 ) ;
#1333 = ORIENTED_EDGE ( 'NONE', *, *, #41, .T. ) ;
#1334 = LINE ( 'NONE', #1564, #3197 ) ;
#1335 = AXIS2_PLACEMENT_3D ( 'NONE', #1659, #2897, #2398 ) ;
#1336 = CIRCLE ( 'NONE', #2223, 2.249999999993923527 ) ;
#1337 = VERTEX_POINT ( 'NONE', #1800 ) ;
#1338 =( BOUNDED_CURVE ( )  B_SPLINE_CURVE ( 3, ( #2049, #1768, #63, #1326 ),
 .UNSPECIFIED., .F., .F. ) 
 B_SPLINE_CURVE_WITH_KNOTS ( ( 4, 4 ),
 ( 0.4758822496552614911, 3.141592653589793116 ),
 .UNSPECIFIED. ) 
 CURVE ( )  GEOMETRIC_REPRESENTATION_ITEM ( )  RATIONAL_B_SPLINE_CURVE ( ( 1.000000000000000000, 0.4904681735953405619, 0.4904681735953405619, 1.000000000000000000 ) ) 
 REPRESENTATION_ITEM ( '' )  );
#1339 = AXIS2_PLACEMENT_3D ( 'NONE', #2000, #1737, #1509 ) ;
#1340 = VERTEX_POINT ( 'NONE', #2797 ) ;
#1341 = CARTESIAN_POINT ( 'NONE',  ( 30.73539397255676420, 13.11398119160438291, 75.82655416469711440 ) ) ;
#1342 = ORIENTED_EDGE ( 'NONE', *, *, #339, .F. ) ;
#1343 = LINE ( 'NONE', #2392, #1734 ) ;
#1344 = CARTESIAN_POINT ( 'NONE',  ( 19.10491275965090807, 13.11398119160416620, 19.56200197002864627 ) ) ;
#1345 = DIRECTION ( 'NONE',  ( -8.673617379884023639E-16, 0.000000000000000000, -1.000000000000000000 ) ) ;
#1346 = DIRECTION ( 'NONE',  ( 0.7123596848290352224, -0.000000000000000000, -0.7018145619964561988 ) ) ;
#1347 = EDGE_CURVE ( 'NONE', #1301, #56, #2537, .T. ) ;
#1348 = CARTESIAN_POINT ( 'NONE',  ( 21.29498930630885667, 21.37276546228016727, 151.5309997284784060 ) ) ;
#1349 = ORIENTED_EDGE ( 'NONE', *, *, #2878, .F. ) ;
#1350 = ADVANCED_FACE ( 'NONE', ( #811 ), #27, .F. ) ;
#1351 = PLANE ( 'NONE',  #590 ) ;
#1352 = ORIENTED_EDGE ( 'NONE', *, *, #2487, .T. ) ;
#1353 = VERTEX_POINT ( 'NONE', #1308 ) ;
#1354 = DIRECTION ( 'NONE',  ( -1.323822129773694782E-16, 0.7336731895847694584, -0.6795025024858341034 ) ) ;
#1355 = ORIENTED_EDGE ( 'NONE', *, *, #337, .F. ) ;
#1356 = DIRECTION ( 'NONE',  ( 1.000000000000000000, 0.000000000000000000, -0.000000000000000000 ) ) ;
#1357 = CARTESIAN_POINT ( 'NONE',  ( 7.525634833701304593, 0.000000000000000000, 162.7214043947323603 ) ) ;
#1358 = ORIENTED_EDGE ( 'NONE', *, *, #2885, .F. ) ;
#1359 = CARTESIAN_POINT ( 'NONE',  ( 30.73539397255675709, 13.11398119160416620, 19.56200197002864627 ) ) ;
#1360 =( BOUNDED_CURVE ( )  B_SPLINE_CURVE ( 3, ( #1805, #1822, #520, #1542 ),
 .UNSPECIFIED., .F., .F. ) 
 B_SPLINE_CURVE_WITH_KNOTS ( ( 4, 4 ),
 ( 0.000000000000000000, 1.365640201160824851 ),
 .UNSPECIFIED. ) 
 CURVE ( )  GEOMETRIC_REPRESENTATION_ITEM ( )  RATIONAL_B_SPLINE_CURVE ( ( 1.000000000000000000, 0.8505309130174879551, 0.8505309130174879551, 1.000000000000000000 ) ) 
 REPRESENTATION_ITEM ( '' )  );
#1361 = CARTESIAN_POINT ( 'NONE',  ( 30.42943429193652705, 0.000000000000000000, 0.000000000000000000 ) ) ;
#1362 = CARTESIAN_POINT ( 'NONE',  ( 2.632990618166808249E-16, 0.000000000000000000, 22.14999999999999858 ) ) ;
#1363 = EDGE_CURVE ( 'NONE', #2820, #202, #2782, .T. ) ;
#1364 = ORIENTED_EDGE ( 'NONE', *, *, #1019, .T. ) ;
#1365 = CARTESIAN_POINT ( 'NONE',  ( 30.73539397255676420, 3.499999999999566125, 96.52613581502389195 ) ) ;
#1366 = VERTEX_POINT ( 'NONE', #2259 ) ;
#1367 = VERTEX_POINT ( 'NONE', #1039 ) ;
#1368 = CIRCLE ( 'NONE', #1680, 2.249999999993868016 ) ;
#1369 = VECTOR ( 'NONE', #1775, 1000.000000000000000 ) ;
#1370 = DIRECTION ( 'NONE',  ( -0.000000000000000000, -1.000000000000000000, -0.000000000000000000 ) ) ;
#1371 = VERTEX_POINT ( 'NONE', #2032 ) ;
#1372 = CARTESIAN_POINT ( 'NONE',  ( -5.264606027443223368, 15.00000000000000000, 164.9714043947263065 ) ) ;
#1373 = LINE ( 'NONE', #2125, #986 ) ;
#1374 = ORIENTED_EDGE ( 'NONE', *, *, #473, .T. ) ;
#1375 = FACE_OUTER_BOUND ( 'NONE', #198, .T. ) ;
#1376 = FACE_BOUND ( 'NONE', #2237, .T. ) ;
#1377 = LINE ( 'NONE', #2834, #3047 ) ;
#1378 = EDGE_LOOP ( 'NONE', ( #2968, #2774, #723 ) ) ;
#1379 = EDGE_CURVE ( 'NONE', #354, #2307, #2555, .T. ) ;
#1380 = DIRECTION ( 'NONE',  ( -1.000000000000000000, -0.000000000000000000, 1.286899466156778151E-16 ) ) ;
#1381 = ORIENTED_EDGE ( 'NONE', *, *, #454, .T. ) ;
#1382 = ORIENTED_EDGE ( 'NONE', *, *, #2046, .F. ) ;
#1383 = ORIENTED_EDGE ( 'NONE', *, *, #1280, .T. ) ;
#1384 = VERTEX_POINT ( 'NONE', #549 ) ;
#1385 = FACE_OUTER_BOUND ( 'NONE', #2699, .T. ) ;
#1386 = VECTOR ( 'NONE', #3010, 1000.000000000000000 ) ;
#1387 = VECTOR ( 'NONE', #2815, 1000.000000000000114 ) ;
#1388 = EDGE_CURVE ( 'NONE', #1301, #915, #1557, .T. ) ;
#1389 = LINE ( 'NONE', #2202, #261 ) ;
#1390 = CARTESIAN_POINT ( 'NONE',  ( 19.40535686460479070, 11.55501312523832169, 21.00586378402055487 ) ) ;
#1391 = EDGE_CURVE ( 'NONE', #2868, #111, #288, .T. ) ;
#1392 = ORIENTED_EDGE ( 'NONE', *, *, #2374, .T. ) ;
#1393 = DIRECTION ( 'NONE',  ( 0.000000000000000000, 8.995404500273533695E-17, 1.000000000000000000 ) ) ;
#1394 = AXIS2_PLACEMENT_3D ( 'NONE', #2545, #294, #2301 ) ;
#1395 = EDGE_CURVE ( 'NONE', #250, #2495, #1544, .T. ) ;
#1396 = LINE ( 'NONE', #1851, #80 ) ;
#1397 = CYLINDRICAL_SURFACE ( 'NONE', #1335, 2.149999999999999023 ) ;
#1398 = EDGE_LOOP ( 'NONE', ( #145, #3104, #3180, #2300, #1676 ) ) ;
#1399 = VECTOR ( 'NONE', #514, 1000.000000000000000 ) ;
#1400 = FACE_OUTER_BOUND ( 'NONE', #1194, .T. ) ;
#1401 = EDGE_LOOP ( 'NONE', ( #32, #730, #687, #224, #208, #1096, #946, #2163, #1728, #1503, #114, #3157, #944 ) ) ;
#1402 = ORIENTED_EDGE ( 'NONE', *, *, #2787, .F. ) ;
#1403 = EDGE_LOOP ( 'NONE', ( #2756, #1624 ) ) ;
#1404 = DIRECTION ( 'NONE',  ( 0.000000000000000000, 1.000000000000000000, 0.000000000000000000 ) ) ;
#1405 = EDGE_CURVE ( 'NONE', #2972, #1067, #2765, .T. ) ;
#1406 = CARTESIAN_POINT ( 'NONE',  ( 1.474789340246782654, 10.31966511132194064, 22.14999999999999858 ) ) ;
#1407 = EDGE_CURVE ( 'NONE', #2150, #2274, #745, .T. ) ;
#1408 = LINE ( 'NONE', #2, #805 ) ;
#1409 = ORIENTED_EDGE ( 'NONE', *, *, #1203, .F. ) ;
#1410 = LINE ( 'NONE', #2094, #1545 ) ;
#1411 = EDGE_CURVE ( 'NONE', #2003, #882, #1819, .T. ) ;
#1412 = CARTESIAN_POINT ( 'NONE',  ( -15.26460602744324646, 0.000000000000000000, 1.253254279986792952 ) ) ;
#1413 = ORIENTED_EDGE ( 'NONE', *, *, #1185, .T. ) ;
#1414 = CARTESIAN_POINT ( 'NONE',  ( 30.73539397255676775, 13.11398119160481812, 112.8020019700286554 ) ) ;
#1415 = AXIS2_PLACEMENT_3D ( 'NONE', #628, #1586, #1124 ) ;
#1416 = LINE ( 'NONE', #2417, #171 ) ;
#1417 = ORIENTED_EDGE ( 'NONE', *, *, #1428, .T. ) ;
#1418 = VERTEX_POINT ( 'NONE', #1273 ) ;
#1419 = EDGE_LOOP ( 'NONE', ( #1166, #1840, #1352, #830, #2386 ) ) ;
#1420 = CARTESIAN_POINT ( 'NONE',  ( 30.58401425420946396, 15.00000000000000000, 20.37688537445799852 ) ) ;
#1421 = FACE_OUTER_BOUND ( 'NONE', #2975, .T. ) ;
#1422 = FACE_BOUND ( 'NONE', #3229, .T. ) ;
#1423 = VERTEX_POINT ( 'NONE', #499 ) ;
#1424 = FILL_AREA_STYLE ('',( #186 ) ) ;
#1425 = ADVANCED_FACE ( 'NONE', ( #44 ), #3064, .F. ) ;
#1426 = DIRECTION ( 'NONE',  ( -1.157618124926628724E-32, 1.000000000000000000, -8.995404500273531229E-17 ) ) ;
#1427 = ORIENTED_EDGE ( 'NONE', *, *, #240, .T. ) ;
#1428 = EDGE_CURVE ( 'NONE', #913, #421, #385, .T. ) ;
#1429 = PLANE ( 'NONE',  #481 ) ;
#1430 = EDGE_LOOP ( 'NONE', ( #1977, #1613, #58, #1054, #1500 ) ) ;
#1431 = ORIENTED_EDGE ( 'NONE', *, *, #1508, .F. ) ;
#1432 = VECTOR ( 'NONE', #228, 1000.000000000000000 ) ;
#1433 = ORIENTED_EDGE ( 'NONE', *, *, #142, .F. ) ;
#1434 = DIRECTION ( 'NONE',  ( 0.000000000000000000, 8.995404500273531229E-17, 1.000000000000000000 ) ) ;
#1435 = VECTOR ( 'NONE', #2655, 1000.000000000000000 ) ;
#1436 = CYLINDRICAL_SURFACE ( 'NONE', #2673, 2.649999999999999467 ) ;
#1437 = ORIENTED_EDGE ( 'NONE', *, *, #1844, .T. ) ;
#1438 = SURFACE_STYLE_USAGE ( .BOTH. , #2472 ) ;
#1439 = AXIS2_PLACEMENT_3D ( 'NONE', #1027, #813, #2523 ) ;
#1440 = PLANE ( 'NONE',  #1441 ) ;
#1441 = AXIS2_PLACEMENT_3D ( 'NONE', #1687, #940, #1946 ) ;
#1442 = ORIENTED_EDGE ( 'NONE', *, *, #2046, .T. ) ;
#1443 = FACE_OUTER_BOUND ( 'NONE', #1430, .T. ) ;
#1444 = DIRECTION ( 'NONE',  ( -0.000000000000000000, -1.000000000000000000, -0.000000000000000000 ) ) ;
#1445 = ADVANCED_FACE ( 'NONE', ( #3030, #1782, #3048, #1489, #2489, #237, #1241, #2242, #103, #2106, #1604, #1894, #2842 ), #2631, .F. ) ;
#1446 = ORIENTED_EDGE ( 'NONE', *, *, #1178, .F. ) ;
#1447 = EDGE_CURVE ( 'NONE', #511, #1226, #137, .T. ) ;
#1448 = ORIENTED_EDGE ( 'NONE', *, *, #1203, .T. ) ;
#1449 = EDGE_CURVE ( 'NONE', #2351, #753, #3093, .T. ) ;
#1450 = EDGE_LOOP ( 'NONE', ( #1824, #23, #2399, #479 ) ) ;
#1451 = CARTESIAN_POINT ( 'NONE',  ( 30.73539397255677130, 13.11398119160503306, 143.8820019700285968 ) ) ;
#1452 = LINE ( 'NONE', #458, #1891 ) ;
#1453 = ORIENTED_EDGE ( 'NONE', *, *, #1747, .T. ) ;
#1454 = CARTESIAN_POINT ( 'NONE',  ( 8.420984155169891849, 13.99999999999999822, 138.6569945773395602 ) ) ;
#1455 = CARTESIAN_POINT ( 'NONE',  ( 8.420984155169891849, 1.000000000000000000, 138.6569945773395602 ) ) ;
#1456 =( BOUNDED_CURVE ( )  B_SPLINE_CURVE ( 3, ( #597, #1605, #2600, #348 ),
 .UNSPECIFIED., .F., .F. ) 
 B_SPLINE_CURVE_WITH_KNOTS ( ( 4, 4 ),
 ( 3.141592653589793116, 6.283185307179586232 ),
 .UNSPECIFIED. ) 
 CURVE ( )  GEOMETRIC_REPRESENTATION_ITEM ( )  RATIONAL_B_SPLINE_CURVE ( ( 1.000000000000000000, 0.3333333333333333703, 0.3333333333333333703, 1.000000000000000000 ) ) 
 REPRESENTATION_ITEM ( '' )  );
#1457 = ORIENTED_EDGE ( 'NONE', *, *, #1042, .F. ) ;
#1458 = CARTESIAN_POINT ( 'NONE',  ( 30.58401425420946396, 3.499999999999132250, 20.37688537445799852 ) ) ;
#1459 = FACE_OUTER_BOUND ( 'NONE', #889, .T. ) ;
#1460 = ORIENTED_EDGE ( 'NONE', *, *, #2247, .T. ) ;
#1461 = VERTEX_POINT ( 'NONE', #2341 ) ;
#1462 = ADVANCED_FACE ( 'NONE', ( #2123 ), #839, .F. ) ;
#1463 = ORIENTED_EDGE ( 'NONE', *, *, #357, .T. ) ;
#1464 = DIRECTION ( 'NONE',  ( 0.000000000000000000, 1.000000000000000000, 0.000000000000000000 ) ) ;
#1465 = AXIS2_PLACEMENT_3D ( 'NONE', #1079, #2067, #3052 ) ;
#1466 = ORIENTED_EDGE ( 'NONE', *, *, #517, .T. ) ;
#1467 = DIRECTION ( 'NONE',  ( -4.033246973425013136E-16, 0.7336731895847694584, -0.6795025024858341034 ) ) ;
#1468 = CARTESIAN_POINT ( 'NONE',  ( 7.525634833701304593, 0.000000000000000000, 164.9714043947263065 ) ) ;
#1469 = ORIENTED_EDGE ( 'NONE', *, *, #2002, .F. ) ;
#1470 = SURFACE_STYLE_FILL_AREA ( #1424 ) ;
#1471 = VECTOR ( 'NONE', #1635, 1000.000000000000000 ) ;
#1472 = LINE ( 'NONE', #2225, #1601 ) ;
#1473 = ORIENTED_EDGE ( 'NONE', *, *, #2749, .F. ) ;
#1474 = DIRECTION ( 'NONE',  ( -0.000000000000000000, -1.000000000000000000, -0.000000000000000000 ) ) ;
#1475 = PLANE ( 'NONE',  #2687 ) ;
#1476 = VERTEX_POINT ( 'NONE', #825 ) ;
#1477 = ORIENTED_EDGE ( 'NONE', *, *, #2354, .T. ) ;
#1478 = ORIENTED_EDGE ( 'NONE', *, *, #1567, .T. ) ;
#1479 = VECTOR ( 'NONE', #1444, 1000.000000000000000 ) ;
#1480 = FACE_OUTER_BOUND ( 'NONE', #1723, .T. ) ;
#1481 = CARTESIAN_POINT ( 'NONE',  ( -15.26460602744324291, 13.11398119160416442, 25.46200197002864130 ) ) ;
#1482 = VERTEX_POINT ( 'NONE', #1863 ) ;
#1483 = DIRECTION ( 'NONE',  ( 0.000000000000000000, 1.000000000000000000, 2.796782450658367152E-15 ) ) ;
#1484 = CARTESIAN_POINT ( 'NONE',  ( 9.759423285761805289, 5.650946824011814584, 12.65000000000000036 ) ) ;
#1485 = ORIENTED_EDGE ( 'NONE', *, *, #357, .F. ) ;
#1486 = DIRECTION ( 'NONE',  ( 1.286899466156778151E-16, 7.492070160219515781E-15, 1.000000000000000000 ) ) ;
#1487 = ADVANCED_FACE ( 'NONE', ( #363 ), #596, .F. ) ;
#1488 = EDGE_CURVE ( 'NONE', #437, #264, #855, .T. ) ;
#1489 = FACE_BOUND ( 'NONE', #1073, .T. ) ;
#1490 = DIRECTION ( 'NONE',  ( 0.000000000000000000, 0.000000000000000000, 1.000000000000000000 ) ) ;
#1491 = CARTESIAN_POINT ( 'NONE',  ( 7.525634833701304593, 13.11398119160503484, 164.9714043947263065 ) ) ;
#1492 = CIRCLE ( 'NONE', #2330, 2.249999999993895550 ) ;
#1493 = EDGE_CURVE ( 'NONE', #301, #714, #59, .T. ) ;
#1494 = PLANE ( 'NONE',  #750 ) ;
#1495 = CARTESIAN_POINT ( 'NONE',  ( 30.73539397255676775, 13.11398119160459963, 106.9065541646971269 ) ) ;
#1496 = VECTOR ( 'NONE', #2635, 1000.000000000000000 ) ;
#1497 = ORIENTED_EDGE ( 'NONE', *, *, #616, .T. ) ;
#1498 = CARTESIAN_POINT ( 'NONE',  ( 6.494858427310009397, 1.999999999999977129, 162.9714043947263633 ) ) ;
#1499 = CARTESIAN_POINT ( 'NONE',  ( 30.42943429193652705, 15.00000000000000000, 0.000000000000000000 ) ) ;
#1500 = ORIENTED_EDGE ( 'NONE', *, *, #297, .F. ) ;
#1501 = LINE ( 'NONE', #265, #173 ) ;
#1502 = CARTESIAN_POINT ( 'NONE',  ( 7.525634833701304593, 15.00000000000000000, 164.9714043947263065 ) ) ;
#1503 = ORIENTED_EDGE ( 'NONE', *, *, #1785, .T. ) ;
#1504 = EDGE_CURVE ( 'NONE', #3230, #2274, #347, .T. ) ;
#1505 = DIRECTION ( 'NONE',  ( -1.323822129773694782E-16, 0.7336731895847694584, -0.6795025024858341034 ) ) ;
#1506 = DIRECTION ( 'NONE',  ( -1.000000000000000000, -0.000000000000000000, 1.286899466156778151E-16 ) ) ;
#1507 = DIRECTION ( 'NONE',  ( -0.000000000000000000, -1.000000000000000000, -0.000000000000000000 ) ) ;
#1508 = EDGE_CURVE ( 'NONE', #1929, #1193, #1368, .T. ) ;
#1509 = DIRECTION ( 'NONE',  ( 0.000000000000000000, 0.000000000000000000, 1.000000000000000000 ) ) ;
#1510 = CARTESIAN_POINT ( 'NONE',  ( 30.73539397255676064, 3.499999999999348077, 59.54613581502388797 ) ) ;
#1511 = ORIENTED_EDGE ( 'NONE', *, *, #1729, .T. ) ;
#1512 = LINE ( 'NONE', #1989, #1432 ) ;
#1513 = FACE_BOUND ( 'NONE', #1104, .T. ) ;
#1514 = ORIENTED_EDGE ( 'NONE', *, *, #1306, .F. ) ;
#1515 = DIRECTION ( 'NONE',  ( -0.000000000000000000, -1.000000000000000000, -0.000000000000000000 ) ) ;
#1516 = DIRECTION ( 'NONE',  ( -1.253583309744921774E-32, -1.000000000000000000, -9.741112982886280969E-17 ) ) ;
#1517 = ORIENTED_EDGE ( 'NONE', *, *, #704, .T. ) ;
#1518 = DIRECTION ( 'NONE',  ( 0.000000000000000000, 0.000000000000000000, 1.000000000000000000 ) ) ;
#1519 = VECTOR ( 'NONE', #873, 1000.000000000000000 ) ;
#1520 = EDGE_CURVE ( 'NONE', #2713, #2471, #733, .T. ) ;
#1521 = DIRECTION ( 'NONE',  ( -9.441636360101802488E-17, -0.6795025024858341034, -0.7336731895847693474 ) ) ;
#1522 = DIRECTION ( 'NONE',  ( 0.007585826378017233342, 0.000000000000000000, 0.9999712272051445305 ) ) ;
#1523 = DIRECTION ( 'NONE',  ( 0.000000000000000000, 0.000000000000000000, -1.000000000000000000 ) ) ;
#1524 = DIRECTION ( 'NONE',  ( 0.000000000000000000, -0.6795025024858346585, -0.7336731895847690144 ) ) ;
#1525 = VECTOR ( 'NONE', #2305, 1000.000000000000000 ) ;
#1526 = CIRCLE ( 'NONE', #207, 2.649999999999999467 ) ;
#1527 = DIRECTION ( 'NONE',  ( 0.000000000000000000, 0.000000000000000000, -1.000000000000000000 ) ) ;
#1528 = PLANE ( 'NONE',  #66 ) ;
#1529 = EDGE_CURVE ( 'NONE', #1854, #2706, #524, .T. ) ;
#1530 = VERTEX_POINT ( 'NONE', #3123 ) ;
#1531 = DIRECTION ( 'NONE',  ( 0.000000000000000000, 0.000000000000000000, -1.000000000000000000 ) ) ;
#1532 = DIRECTION ( 'NONE',  ( 0.000000000000000000, 0.000000000000000000, 1.000000000000000000 ) ) ;
#1533 = ORIENTED_EDGE ( 'NONE', *, *, #2206, .F. ) ;
#1534 = CARTESIAN_POINT ( 'NONE',  ( -5.264606027443223368, 15.00000000000000000, 162.7214043947323603 ) ) ;
#1535 = FACE_OUTER_BOUND ( 'NONE', #928, .T. ) ;
#1536 = ORIENTED_EDGE ( 'NONE', *, *, #1363, .F. ) ;
#1537 = CARTESIAN_POINT ( 'NONE',  ( 7.525634833701304593, 0.000000000000000000, 179.9714043947263065 ) ) ;
#1538 = VECTOR ( 'NONE', #377, 1000.000000000000114 ) ;
#1539 = CARTESIAN_POINT ( 'NONE',  ( -15.26460602744323047, 3.499999999999783284, 127.6061358150238902 ) ) ;
#1540 = DIRECTION ( 'NONE',  ( 0.7071067811865513475, -6.888007046503170086E-17, 0.7071067811865436870 ) ) ;
#1541 = CARTESIAN_POINT ( 'NONE',  ( 30.73539397255675709, 3.499999999999130473, 10.65786812002865069 ) ) ;
#1542 = CARTESIAN_POINT ( 'NONE',  ( 14.89508724034909193, 13.11398119160416620, 19.56200197002864982 ) ) ;
#1543 = CARTESIAN_POINT ( 'NONE',  ( -0.7646060274553723168, 11.40506787167026559, 167.2214043947202242 ) ) ;
#1544 = CIRCLE ( 'NONE', #1960, 2.249999999993923527 ) ;
#1545 = VECTOR ( 'NONE', #1126, 1000.000000000000000 ) ;
#1546 = EDGE_CURVE ( 'NONE', #98, #2511, #1343, .T. ) ;
#1547 = EDGE_LOOP ( 'NONE', ( #117, #1713, #346, #907 ) ) ;
#1548 = CARTESIAN_POINT ( 'NONE',  ( 2.632990618166808249E-16, 10.31966511132194064, 22.14999999999999858 ) ) ;
#1549 = LINE ( 'NONE', #295, #526 ) ;
#1550 = VECTOR ( 'NONE', #1265, 1000.000000000000000 ) ;
#1551 = ORIENTED_EDGE ( 'NONE', *, *, #1910, .T. ) ;
#1552 = EDGE_CURVE ( 'NONE', #3116, #1875, #887, .T. ) ;
#1553 = DIRECTION ( 'NONE',  ( 0.000000000000000000, 1.000000000000000000, 0.000000000000000000 ) ) ;
#1554 = ORIENTED_EDGE ( 'NONE', *, *, #2391, .F. ) ;
#1555 = CARTESIAN_POINT ( 'NONE',  ( 8.420984155169884744, 27.01874154984303189, 125.6801057352032984 ) ) ;
#1556 = AXIS2_PLACEMENT_3D ( 'NONE', #746, #2538, #1490 ) ;
#1557 = LINE ( 'NONE', #2310, #2955 ) ;
#1558 = DIRECTION ( 'NONE',  ( -0.9999712272051445305, 0.000000000000000000, 0.007585826378017233342 ) ) ;
#1559 = CARTESIAN_POINT ( 'NONE',  ( -5.264606027443180736, 0.000000000000000000, 182.2214043947201390 ) ) ;
#1560 = PRODUCT_CONTEXT ( 'NONE', #425, 'mechanical' ) ;
#1561 = CARTESIAN_POINT ( 'NONE',  ( 30.73539397255676064, 13.11398119160438291, 50.64200197002863746 ) ) ;
#1562 = DIRECTION ( 'NONE',  ( 0.000000000000000000, 0.000000000000000000, -1.000000000000000000 ) ) ;
#1563 = ORIENTED_EDGE ( 'NONE', *, *, #2789, .F. ) ;
#1564 = CARTESIAN_POINT ( 'NONE',  ( 30.73539397255677130, 13.11398119160503306, 149.7820019700285741 ) ) ;
#1565 = ORIENTED_EDGE ( 'NONE', *, *, #761, .T. ) ;
#1566 =( BOUNDED_CURVE ( )  B_SPLINE_CURVE ( 3, ( #1498, #2496, #33, #722 ),
 .UNSPECIFIED., .F., .F. ) 
 B_SPLINE_CURVE_WITH_KNOTS ( ( 4, 4 ),
 ( 0.4758822496552500558, 3.141592653589793116 ),
 .UNSPECIFIED. ) 
 CURVE ( )  GEOMETRIC_REPRESENTATION_ITEM ( )  RATIONAL_B_SPLINE_CURVE ( ( 1.000000000000000000, 0.4904681735953369537, 0.4904681735953369537, 1.000000000000000000 ) ) 
 REPRESENTATION_ITEM ( '' )  );
#1567 = EDGE_CURVE ( 'NONE', #102, #179, #2572, .T. ) ;
#1568 = CARTESIAN_POINT ( 'NONE',  ( -5.264606027443223368, 15.00000000000000000, 164.9714043947263065 ) ) ;
#1569 = EDGE_LOOP ( 'NONE', ( #1699, #393, #87, #2024 ) ) ;
#1570 = CARTESIAN_POINT ( 'NONE',  ( 3.025634833713477967, 11.40506787167025493, 167.2214043947202242 ) ) ;
#1571 = CARTESIAN_POINT ( 'NONE',  ( 1.888287698943910575, 11.98993999306308389, 18.52095424117894495 ) ) ;
#1572 = LINE ( 'NONE', #317, #3242 ) ;
#1573 = CARTESIAN_POINT ( 'NONE',  ( -4.233829621051900638, 1.999999999999977129, 162.9714043947263633 ) ) ;
#1574 = AXIS2_PLACEMENT_3D ( 'NONE', #3081, #1835, #2832 ) ;
#1575 = DIRECTION ( 'NONE',  ( -0.000000000000000000, -1.000000000000000000, -0.000000000000000000 ) ) ;
#1576 = CARTESIAN_POINT ( 'NONE',  ( 30.73539397255677130, 3.499999999999783284, 127.6061358150238902 ) ) ;
#1577 = AXIS2_PLACEMENT_3D ( 'NONE', #486, #3000, #1803 ) ;
#1578 = ORIENTED_EDGE ( 'NONE', *, *, #85, .F. ) ;
#1579 = DIRECTION ( 'NONE',  ( -3.090499121305414175E-29, -1.000000000000000000, -2.401507812055390302E-13 ) ) ;
#1580 = EDGE_LOOP ( 'NONE', ( #358, #2565, #2288, #234 ) ) ;
#1581 = LINE ( 'NONE', #1155, #325 ) ;
#1582 = EDGE_LOOP ( 'NONE', ( #2152, #1706, #1606, #161 ) ) ;
#1583 = CARTESIAN_POINT ( 'NONE',  ( -1.888287698943910575, 11.98993999306308922, 18.52095424117894495 ) ) ;
#1584 = EDGE_CURVE ( 'NONE', #437, #2746, #119, .T. ) ;
#1585 = CARTESIAN_POINT ( 'NONE',  ( 2.104912759650912069, 13.11398119160416620, 19.56200197002864982 ) ) ;
#1586 = DIRECTION ( 'NONE',  ( -0.7071067811865436870, 0.000000000000000000, 0.7071067811865513475 ) ) ;
#1587 = LINE ( 'NONE', #336, #595 ) ;
#1588 = CIRCLE ( 'NONE', #896, 2.149999999999999023 ) ;
#1589 = EDGE_CURVE ( 'NONE', #2383, #1231, #1225, .T. ) ;
#1590 = AXIS2_PLACEMENT_3D ( 'NONE', #885, #183, #1170 ) ;
#1591 =( BOUNDED_CURVE ( )  B_SPLINE_CURVE ( 3, ( #2671, #975, #1722, #2447 ),
 .UNSPECIFIED., .F., .F. ) 
 B_SPLINE_CURVE_WITH_KNOTS ( ( 4, 4 ),
 ( 4.917545106018762269, 6.283185307179586232 ),
 .UNSPECIFIED. ) 
 CURVE ( )  GEOMETRIC_REPRESENTATION_ITEM ( )  RATIONAL_B_SPLINE_CURVE ( ( 1.000000000000000000, 0.8505309130174880661, 0.8505309130174880661, 1.000000000000000000 ) ) 
 REPRESENTATION_ITEM ( '' )  );
#1592 = EDGE_CURVE ( 'NONE', #2203, #1817, #1389, .T. ) ;
#1593 = CARTESIAN_POINT ( 'NONE',  ( 30.58401425420946396, 15.00000000000000000, 20.37688537445799852 ) ) ;
#1594 = EDGE_CURVE ( 'NONE', #2138, #293, #2910, .T. ) ;
#1595 = AXIS2_PLACEMENT_3D ( 'NONE', #1365, #2366, #160 ) ;
#1596 = VECTOR ( 'NONE', #2262, 1000.000000000000000 ) ;
#1597 = ORIENTED_EDGE ( 'NONE', *, *, #1529, .T. ) ;
#1598 = FACE_OUTER_BOUND ( 'NONE', #1569, .T. ) ;
#1599 = ORIENTED_EDGE ( 'NONE', *, *, #1066, .F. ) ;
#1600 = ORIENTED_EDGE ( 'NONE', *, *, #3086, .T. ) ;
#1601 = VECTOR ( 'NONE', #3241, 1000.000000000000000 ) ;
#1602 = DIRECTION ( 'NONE',  ( 0.000000000000000000, 0.000000000000000000, -1.000000000000000000 ) ) ;
#1603 = ORIENTED_EDGE ( 'NONE', *, *, #446, .T. ) ;
#1604 = FACE_BOUND ( 'NONE', #2853, .T. ) ;
#1605 = CARTESIAN_POINT ( 'NONE',  ( -9.764606027431071311, 11.40506787167026559, 167.2214043947202242 ) ) ;
#1606 = ORIENTED_EDGE ( 'NONE', *, *, #2030, .T. ) ;
#1607 = DIRECTION ( 'NONE',  ( 1.323822129430137723E-16, 0.7336731893943668759, 0.6795025026914157662 ) ) ;
#1608 = EDGE_CURVE ( 'NONE', #2937, #1204, #2199, .T. ) ;
#1609 = DIRECTION ( 'NONE',  ( -0.007585826378017233342, -0.000000000000000000, -0.9999712272051445305 ) ) ;
#1610 = CARTESIAN_POINT ( 'NONE',  ( 8.420984155169891849, 13.99999999999999822, 138.6569945773395602 ) ) ;
#1611 = ORIENTED_EDGE ( 'NONE', *, *, #2809, .F. ) ;
#1612 = DIRECTION ( 'NONE',  ( -0.000000000000000000, -1.000000000000000000, -0.000000000000000000 ) ) ;
#1613 = ORIENTED_EDGE ( 'NONE', *, *, #1504, .T. ) ;
#1614 = VERTEX_POINT ( 'NONE', #2186 ) ;
#1615 = FACE_OUTER_BOUND ( 'NONE', #2158, .T. ) ;
#1616 = ORIENTED_EDGE ( 'NONE', *, *, #1245, .F. ) ;
#1617 = DIRECTION ( 'NONE',  ( 0.000000000000000000, 0.000000000000000000, 1.000000000000000000 ) ) ;
#1618 = ORIENTED_EDGE ( 'NONE', *, *, #821, .T. ) ;
#1619 = PLANE ( 'NONE',  #21 ) ;
#1620 = EDGE_CURVE ( 'NONE', #1371, #1115, #3219, .T. ) ;
#1621 = FACE_OUTER_BOUND ( 'NONE', #1547, .T. ) ;
#1622 = AXIS2_PLACEMENT_3D ( 'NONE', #1537, #1024, #1518 ) ;
#1623 = LINE ( 'NONE', #2881, #2637 ) ;
#1624 = ORIENTED_EDGE ( 'NONE', *, *, #1646, .F. ) ;
#1625 = LINE ( 'NONE', #2867, #2276 ) ;
#1626 = ORIENTED_EDGE ( 'NONE', *, *, #951, .F. ) ;
#1627 = EDGE_CURVE ( 'NONE', #3140, #2167, #2219, .T. ) ;
#1628 = VERTEX_POINT ( 'NONE', #2923 ) ;
#1629 = EDGE_CURVE ( 'NONE', #2462, #2814, #967, .T. ) ;
#1630 = VECTOR ( 'NONE', #3078, 1000.000000000000000 ) ;
#1631 = VECTOR ( 'NONE', #2546, 1000.000000000000000 ) ;
#1632 = EDGE_LOOP ( 'NONE', ( #2062, #2650, #1936, #2716 ) ) ;
#1633 = CARTESIAN_POINT ( 'NONE',  ( 17.00000000000000000, 15.00000000000000000, 22.14999999999999858 ) ) ;
#1634 = ADVANCED_FACE ( 'NONE', ( #659 ), #921, .F. ) ;
#1635 = DIRECTION ( 'NONE',  ( -1.155259554719832682E-29, 1.000000000000000000, -7.492070160219515781E-15 ) ) ;
#1636 = LINE ( 'NONE', #840, #1987 ) ;
#1637 = ORIENTED_EDGE ( 'NONE', *, *, #2662, .F. ) ;
#1638 = PLANE ( 'NONE',  #1810 ) ;
#1639 = DIRECTION ( 'NONE',  ( 0.000000000000000000, 0.000000000000000000, 1.000000000000000000 ) ) ;
#1640 = VECTOR ( 'NONE', #2038, 1000.000000000000000 ) ;
#1641 = LINE ( 'NONE', #878, #3212 ) ;
#1642 = VERTEX_POINT ( 'NONE', #2892 ) ;
#1643 = FACE_BOUND ( 'NONE', #2704, .T. ) ;
#1644 = ORIENTED_EDGE ( 'NONE', *, *, #3089, .T. ) ;
#1645 = ORIENTED_EDGE ( 'NONE', *, *, #2410, .T. ) ;
#1646 = EDGE_CURVE ( 'NONE', #179, #102, #315, .T. ) ;
#1647 = ADVANCED_FACE ( 'NONE', ( #644, #1912, #2939 ), #2677, .F. ) ;
#1648 = VERTEX_POINT ( 'NONE', #709 ) ;
#1649 = CARTESIAN_POINT ( 'NONE',  ( 17.00000000000000000, 0.000000000000000000, 20.00000000000000000 ) ) ;
#1650 = VECTOR ( 'NONE', #1796, 1000.000000000000000 ) ;
#1651 = CLOSED_SHELL ( 'NONE', ( #522, #1329, #792, #2317, #539, #112, #2588, #2847, #1044, #118, #2604, #2227, #1887, #1884, #3143, #1307, #2166, #2271, #1652, #3245, #2623, #3122, #601, #2753, #2567, #732, #1098, #2848, #2963, #936, #1634, #2105, #3054, #1445, #2509, #2549, #3185, #1862, #954, #1462, #3147, #276, #1871, #3025, #2828, #1792, #83, #374, #2334, #2904, #1647, #3127, #2887, #1001, #2084, #156, #2764, #60, #1425, #1966, #1727, #2416, #2413, #563, #854, #3226, #3013, #3184, #2722, #2313, #578, #2124, #693, #2605, #804, #817, #1719, #136, #2988, #996, #1487, #2071, #2909, #2649, #1350 ) ) ;
#1652 = ADVANCED_FACE ( 'NONE', ( #1421 ), #1436, .F. ) ;
#1653 = DIRECTION ( 'NONE',  ( -1.157618124926628724E-32, 1.000000000000000000, -8.995404500273531229E-17 ) ) ;
#1654 = DIRECTION ( 'NONE',  ( -0.000000000000000000, -1.000000000000000000, -0.000000000000000000 ) ) ;
#1655 = ORIENTED_EDGE ( 'NONE', *, *, #698, .F. ) ;
#1656 = DIRECTION ( 'NONE',  ( 0.000000000000000000, 1.000000000000000000, 0.000000000000000000 ) ) ;
#1657 = VECTOR ( 'NONE', #2022, 1000.000000000000000 ) ;
#1658 = LINE ( 'NONE', #1160, #703 ) ;
#1659 = CARTESIAN_POINT ( 'NONE',  ( 0.000000000000000000, 15.00000000000000000, 20.00000000000000000 ) ) ;
#1660 = CARTESIAN_POINT ( 'NONE',  ( 8.420984155169891849, 1.000000000000000000, 138.6569945773395602 ) ) ;
#1661 = EDGE_LOOP ( 'NONE', ( #1133, #3062, #1655 ) ) ;
#1662 = VERTEX_POINT ( 'NONE', #2694 ) ;
#1663 = EDGE_CURVE ( 'NONE', #858, #2383, #1688, .T. ) ;
#1664 = ORIENTED_EDGE ( 'NONE', *, *, #2470, .F. ) ;
#1665 = DIRECTION ( 'NONE',  ( -1.000000000000000000, -0.000000000000000000, 1.286899466156778151E-16 ) ) ;
#1666 = CARTESIAN_POINT ( 'NONE',  ( 30.73539397255676775, 13.11398119160481812, 112.8020019700286554 ) ) ;
#1667 = CARTESIAN_POINT ( 'NONE',  ( -15.26460602744324646, 15.00000000000000000, 1.253254279986792952 ) ) ;
#1668 = ORIENTED_EDGE ( 'NONE', *, *, #1220, .T. ) ;
#1669 = CARTESIAN_POINT ( 'NONE',  ( -15.26460602744322159, 15.00000000000000000, 189.9714043947263065 ) ) ;
#1670 = EDGE_CURVE ( 'NONE', #2216, #1384, #3186, .T. ) ;
#1671 = DIRECTION ( 'NONE',  ( -0.000000000000000000, -1.000000000000000000, -0.000000000000000000 ) ) ;
#1672 = VERTEX_POINT ( 'NONE', #2647 ) ;
#1673 = LINE ( 'NONE', #3208, #1102 ) ;
#1674 = VECTOR ( 'NONE', #2482, 1000.000000000000000 ) ;
#1675 = DIRECTION ( 'NONE',  ( 0.000000000000000000, 1.000000000000000000, 0.000000000000000000 ) ) ;
#1676 = ORIENTED_EDGE ( 'NONE', *, *, #1263, .F. ) ;
#1677 = ORIENTED_EDGE ( 'NONE', *, *, #3092, .F. ) ;
#1678 = EDGE_LOOP ( 'NONE', ( #2037, #400, #2601, #1795 ) ) ;
#1679 = PLANE ( 'NONE',  #1590 ) ;
#1680 = AXIS2_PLACEMENT_3D ( 'NONE', #1832, #2356, #2326 ) ;
#1681 = DIRECTION ( 'NONE',  ( 0.000000000000000000, 1.000000000000000000, 0.000000000000000000 ) ) ;
#1682 = CARTESIAN_POINT ( 'NONE',  ( -15.26460602744322870, 13.99999999999999822, 138.6569945773395602 ) ) ;
#1683 = VERTEX_POINT ( 'NONE', #398 ) ;
#1684 = CARTESIAN_POINT ( 'NONE',  ( 30.73539397255677486, 3.500000000000000000, 158.6861358150238743 ) ) ;
#1685 = EDGE_CURVE ( 'NONE', #1135, #707, #2661, .T. ) ;
#1686 = EDGE_CURVE ( 'NONE', #1254, #2101, #167, .T. ) ;
#1687 = CARTESIAN_POINT ( 'NONE',  ( 30.73539397255677130, 13.11398119160481635, 118.7020019700286468 ) ) ;
#1688 =( BOUNDED_CURVE ( )  B_SPLINE_CURVE ( 3, ( #1156, #1406, #1186, #2156 ),
 .UNSPECIFIED., .F., .F. ) 
 B_SPLINE_CURVE_WITH_KNOTS ( ( 4, 4 ),
 ( 0.000000000000000000, 1.775952452428967598 ),
 .UNSPECIFIED. ) 
 CURVE ( )  GEOMETRIC_REPRESENTATION_ITEM ( )  RATIONAL_B_SPLINE_CURVE ( ( 1.000000000000000000, 0.7539889026692178087, 0.7539889026692178087, 1.000000000000000000 ) ) 
 REPRESENTATION_ITEM ( '' )  );
#1689 = EDGE_CURVE ( 'NONE', #210, #2394, #1452, .T. ) ;
#1690 = ORIENTED_EDGE ( 'NONE', *, *, #1594, .T. ) ;
#1691 = CARTESIAN_POINT ( 'NONE',  ( -15.26460602744322870, 13.11398119160481812, 137.9865541646971394 ) ) ;
#1692 = CARTESIAN_POINT ( 'NONE',  ( 24.73539397255682104, 15.00000000000000000, 181.9714043947262780 ) ) ;
#1693 = EDGE_LOOP ( 'NONE', ( #686, #941, #2710, #1716 ) ) ;
#1694 = ORIENTED_EDGE ( 'NONE', *, *, #432, .T. ) ;
#1695 = AXIS2_PLACEMENT_3D ( 'NONE', #2629, #1841, #836 ) ;
#1696 = ORIENTED_EDGE ( 'NONE', *, *, #1148, .F. ) ;
#1697 = DIRECTION ( 'NONE',  ( -0.000000000000000000, -1.000000000000000000, -0.000000000000000000 ) ) ;
#1698 = DIRECTION ( 'NONE',  ( -0.000000000000000000, -1.000000000000000000, -0.000000000000000000 ) ) ;
#1699 = ORIENTED_EDGE ( 'NONE', *, *, #898, .T. ) ;
#1700 = DIRECTION ( 'NONE',  ( 4.033246973425013629E-16, -0.7336731895847693474, 0.6795025024858341034 ) ) ;
#1701 = AXIS2_PLACEMENT_3D ( 'NONE', #2521, #269, #2277 ) ;
#1702 = AXIS2_PLACEMENT_3D ( 'NONE', #826, #10, #765 ) ;
#1703 = DIRECTION ( 'NONE',  ( -0.000000000000000000, -1.000000000000000000, -0.000000000000000000 ) ) ;
#1704 = VECTOR ( 'NONE', #2455, 1000.000000000000000 ) ;
#1705 = EDGE_CURVE ( 'NONE', #1115, #277, #3196, .T. ) ;
#1706 = ORIENTED_EDGE ( 'NONE', *, *, #1769, .T. ) ;
#1707 = DIRECTION ( 'NONE',  ( 0.000000000000000000, 0.000000000000000000, -1.000000000000000000 ) ) ;
#1708 = ORIENTED_EDGE ( 'NONE', *, *, #1493, .F. ) ;
#1709 = ORIENTED_EDGE ( 'NONE', *, *, #1145, .T. ) ;
#1710 = AXIS2_PLACEMENT_3D ( 'NONE', #3049, #794, #500 ) ;
#1711 = ORIENTED_EDGE ( 'NONE', *, *, #1153, .T. ) ;
#1712 = CARTESIAN_POINT ( 'NONE',  ( 8.420984155169835006, 15.00000000000000000, 42.21183419698265027 ) ) ;
#1713 = ORIENTED_EDGE ( 'NONE', *, *, #2349, .T. ) ;
#1714 = DIRECTION ( 'NONE',  ( 0.000000000000000000, 0.7336731895847696805, -0.6795025024858339924 ) ) ;
#1715 = CARTESIAN_POINT ( 'NONE',  ( 8.500000000000000000, 15.00000000000000000, 10.00000000000000000 ) ) ;
#1716 = ORIENTED_EDGE ( 'NONE', *, *, #1063, .F. ) ;
#1717 = CARTESIAN_POINT ( 'NONE',  ( -5.264606027443223368, 15.00000000000000000, 167.2214043947202242 ) ) ;
#1718 = LINE ( 'NONE', #747, #439 ) ;
#1719 = ADVANCED_FACE ( 'NONE', ( #2254 ), #2273, .F. ) ;
#1720 = ORIENTED_EDGE ( 'NONE', *, *, #2444, .T. ) ;
#1721 = CYLINDRICAL_SURFACE ( 'NONE', #680, 2.149999999999999023 ) ;
#1722 = CARTESIAN_POINT ( 'NONE',  ( 18.06334697567136516, 11.26549654198873185, 17.85000000000000142 ) ) ;
#1723 = EDGE_LOOP ( 'NONE', ( #1136, #2454, #2642, #3207 ) ) ;
#1724 = VERTEX_POINT ( 'NONE', #2744 ) ;
#1725 = ORIENTED_EDGE ( 'NONE', *, *, #619, .T. ) ;
#1726 = CARTESIAN_POINT ( 'NONE',  ( -2.405356864604788925, 11.55501312523832169, 21.00586378402055843 ) ) ;
#1727 = ADVANCED_FACE ( 'NONE', ( #2728 ), #1288, .F. ) ;
#1728 = ORIENTED_EDGE ( 'NONE', *, *, #776, .T. ) ;
#1729 = EDGE_CURVE ( 'NONE', #3024, #1174, #1011, .T. ) ;
#1730 = CYLINDRICAL_SURFACE ( 'NONE', #592, 2.149999999999999023 ) ;
#1731 = DIRECTION ( 'NONE',  ( -9.441636357651506839E-17, 0.6795025026914167654, -0.7336731893943658767 ) ) ;
#1732 = ORIENTED_EDGE ( 'NONE', *, *, #1663, .T. ) ;
#1733 = CARTESIAN_POINT ( 'NONE',  ( 7.525634833701304593, 0.000000000000000000, 179.9714043947263065 ) ) ;
#1734 = VECTOR ( 'NONE', #2829, 1000.000000000000114 ) ;
#1735 = DIRECTION ( 'NONE',  ( -1.000000000000000000, -0.000000000000000000, 1.286899466156778151E-16 ) ) ;
#1736 = DIRECTION ( 'NONE',  ( 0.000000000000000000, 1.000000000000000000, 0.000000000000000000 ) ) ;
#1737 = DIRECTION ( 'NONE',  ( 0.000000000000000000, 1.000000000000000000, 0.000000000000000000 ) ) ;
#1738 = LINE ( 'NONE', #1495, #2321 ) ;
#1739 = EDGE_LOOP ( 'NONE', ( #3118, #3181, #902, #2165, #3120 ) ) ;
#1740 = DIRECTION ( 'NONE',  ( 0.000000000000000000, 1.000000000000000000, 0.000000000000000000 ) ) ;
#1741 = LINE ( 'NONE', #980, #568 ) ;
#1742 = EDGE_CURVE ( 'NONE', #450, #1340, #2761, .T. ) ;
#1743 = VERTEX_POINT ( 'NONE', #3027 ) ;
#1744 = EDGE_CURVE ( 'NONE', #56, #3083, #266, .T. ) ;
#1745 = CYLINDRICAL_SURFACE ( 'NONE', #2436, 2.249999999993923527 ) ;
#1746 = LINE ( 'NONE', #285, #2946 ) ;
#1747 = EDGE_CURVE ( 'NONE', #3162, #1817, #249, .T. ) ;
#1748 = ORIENTED_EDGE ( 'NONE', *, *, #1449, .T. ) ;
#1749 = CARTESIAN_POINT ( 'NONE',  ( 8.420984155169891849, 15.00000000000000000, 138.6569945773395602 ) ) ;
#1750 = AXIS2_PLACEMENT_3D ( 'NONE', #637, #1888, #2883 ) ;
#1751 = DIRECTION ( 'NONE',  ( -1.000000000000000000, -0.000000000000000000, 1.286899466156778151E-16 ) ) ;
#1752 = DIRECTION ( 'NONE',  ( -1.000000000000000000, 0.000000000000000000, -0.000000000000000000 ) ) ;
#1753 = CYLINDRICAL_SURFACE ( 'NONE', #861, 2.249999999993895550 ) ;
#1754 = MECHANICAL_DESIGN_GEOMETRIC_PRESENTATION_REPRESENTATION (  '', ( #3216 ), #752 ) ;
#1755 = DIRECTION ( 'NONE',  ( -5.935588108461891454E-16, -8.995404500273531229E-17, -1.000000000000000000 ) ) ;
#1756 = LINE ( 'NONE', #1576, #3223 ) ;
#1757 = EDGE_LOOP ( 'NONE', ( #2597, #2684, #1402, #1221 ) ) ;
#1758 = CARTESIAN_POINT ( 'NONE',  ( 8.500000000000000000, 15.00000000000000000, 10.00000000000000000 ) ) ;
#1759 = DIRECTION ( 'NONE',  ( 0.000000000000000000, -0.000000000000000000, 1.000000000000000000 ) ) ;
#1760 = ORIENTED_EDGE ( 'NONE', *, *, #2686, .T. ) ;
#1761 = EDGE_CURVE ( 'NONE', #3179, #1135, #546, .T. ) ;
#1762 = CARTESIAN_POINT ( 'NONE',  ( 8.420984155169874086, 45.30783407573719757, 110.5869364210037276 ) ) ;
#1763 = CARTESIAN_POINT ( 'NONE',  ( 8.500000000000000000, 5.650946824011813696, 12.65000000000000036 ) ) ;
#1764 = ORIENTED_EDGE ( 'NONE', *, *, #456, .T. ) ;
#1765 = PLANE ( 'NONE',  #1991 ) ;
#1766 = DIRECTION ( 'NONE',  ( 0.000000000000000000, -1.000000000000000000, 0.000000000000000000 ) ) ;
#1767 = PLANE ( 'NONE',  #397 ) ;
#1768 = CARTESIAN_POINT ( 'NONE',  ( -8.937280843359530991, 3.261069431759650694, 164.3330076690369879 ) ) ;
#1769 = EDGE_CURVE ( 'NONE', #714, #301, #1206, .T. ) ;
#1770 = FACE_OUTER_BOUND ( 'NONE', #1398, .T. ) ;
#1771 = SHAPE_DEFINITION_REPRESENTATION ( #1223, #1979 ) ;
#1772 = CYLINDRICAL_SURFACE ( 'NONE', #2980, 2.149999999999997691 ) ;
#1773 = ORIENTED_EDGE ( 'NONE', *, *, #1161, .F. ) ;
#1774 = LINE ( 'NONE', #278, #1232 ) ;
#1775 = DIRECTION ( 'NONE',  ( 1.079197837902161914E-16, -0.000000000000000000, 1.000000000000000000 ) ) ;
#1776 = EDGE_LOOP ( 'NONE', ( #452, #1236, #408, #163 ) ) ;
#1777 = CARTESIAN_POINT ( 'NONE',  ( 7.525634833701304593, 15.00000000000000000, 164.9714043947263065 ) ) ;
#1778 = CARTESIAN_POINT ( 'NONE',  ( 0.000000000000000000, 15.00000000000000000, 17.85000000000000142 ) ) ;
#1779 = CIRCLE ( 'NONE', #883, 2.249999999993923527 ) ;
#1780 = ORIENTED_EDGE ( 'NONE', *, *, #2144, .F. ) ;
#1781 = CARTESIAN_POINT ( 'NONE',  ( 24.73539397255677841, 13.11398119160503306, 154.9714043947262780 ) ) ;
#1782 = FACE_BOUND ( 'NONE', #3125, .T. ) ;
#1783 = LINE ( 'NONE', #238, #554 ) ;
#1784 = CARTESIAN_POINT ( 'NONE',  ( 8.500000000000000000, 0.000000000000000000, 12.65000000000000036 ) ) ;
#1785 = EDGE_CURVE ( 'NONE', #1964, #685, #1000, .T. ) ;
#1786 = VECTOR ( 'NONE', #579, 1000.000000000000000 ) ;
#1787 = VECTOR ( 'NONE', #2267, 1000.000000000000000 ) ;
#1788 = APPLICATION_PROTOCOL_DEFINITION ( 'draft international standard', 'automotive_design', 1998, #2174 ) ;
#1789 = EDGE_CURVE ( 'NONE', #2982, #2003, #2550, .T. ) ;
#1790 = LINE ( 'NONE', #3069, #2873 ) ;
#1791 = CARTESIAN_POINT ( 'NONE',  ( 17.00000000000000000, 15.00000000000000000, 0.000000000000000000 ) ) ;
#1792 = ADVANCED_FACE ( 'NONE', ( #2010, #1994, #1535 ), #298, .F. ) ;
#1793 = VERTEX_POINT ( 'NONE', #1778 ) ;
#1794 = LINE ( 'NONE', #1825, #938 ) ;
#1795 = ORIENTED_EDGE ( 'NONE', *, *, #1742, .F. ) ;
#1796 = DIRECTION ( 'NONE',  ( -2.121651654625805464E-17, -1.000000000000000000, -2.796782450658366758E-15 ) ) ;
#1797 = DIRECTION ( 'NONE',  ( 0.000000000000000000, 0.000000000000000000, 1.000000000000000000 ) ) ;
#1798 = EDGE_LOOP ( 'NONE', ( #2919, #1169, #3134, #154 ) ) ;
#1799 = DIRECTION ( 'NONE',  ( 0.000000000000000000, 0.000000000000000000, 1.000000000000000000 ) ) ;
#1800 = CARTESIAN_POINT ( 'NONE',  ( 8.500000000000000000, 6.298779483779229693, 7.350000000000000533 ) ) ;
#1801 = LINE ( 'NONE', #2798, #2810 ) ;
#1802 = CARTESIAN_POINT ( 'NONE',  ( -4.233829621051900638, 1.999999999999977129, 162.9714043947263633 ) ) ;
#1803 = DIRECTION ( 'NONE',  ( 1.000000000000000000, 0.000000000000000000, 0.000000000000000000 ) ) ;
#1804 = AXIS2_PLACEMENT_3D ( 'NONE', #708, #2025, #1714 ) ;
#1805 = CARTESIAN_POINT ( 'NONE',  ( 17.00000000000000000, 11.26549654198873185, 17.85000000000000142 ) ) ;
#1806 = DIRECTION ( 'NONE',  ( -1.000000000000000000, 0.000000000000000000, 0.000000000000000000 ) ) ;
#1807 = EDGE_CURVE ( 'NONE', #3109, #2495, #2776, .T. ) ;
#1808 = VECTOR ( 'NONE', #1755, 1000.000000000000000 ) ;
#1809 = AXIS2_PLACEMENT_3D ( 'NONE', #2047, #1521, #1025 ) ;
#1810 = AXIS2_PLACEMENT_3D ( 'NONE', #663, #2159, #2143 ) ;
#1811 = ORIENTED_EDGE ( 'NONE', *, *, #674, .T. ) ;
#1812 = CARTESIAN_POINT ( 'NONE',  ( -15.26460602744323936, 13.99999999999999822, 42.21183419698265027 ) ) ;
#1813 = ORIENTED_EDGE ( 'NONE', *, *, #2666, .T. ) ;
#1814 = DIRECTION ( 'NONE',  ( 4.033246973425013629E-16, -0.7336731895847693474, 0.6795025024858341034 ) ) ;
#1815 = EDGE_LOOP ( 'NONE', ( #2133, #2269 ) ) ;
#1816 = DIRECTION ( 'NONE',  ( 0.000000000000000000, 2.401628278969932232E-13, -1.000000000000000000 ) ) ;
#1817 = VERTEX_POINT ( 'NONE', #1976 ) ;
#1818 = AXIS2_PLACEMENT_3D ( 'NONE', #2508, #12, #1012 ) ;
#1819 = LINE ( 'NONE', #2750, #1387 ) ;
#1820 = LINE ( 'NONE', #2616, #829 ) ;
#1821 = CYLINDRICAL_SURFACE ( 'NONE', #386, 2.249999999993923527 ) ;
#1822 = CARTESIAN_POINT ( 'NONE',  ( 15.93665302432863484, 11.26549654198873007, 17.85000000000000142 ) ) ;
#1823 = CARTESIAN_POINT ( 'NONE',  ( 24.73539397255677841, 7.510873896137416850, 154.9714043947262780 ) ) ;
#1824 = ORIENTED_EDGE ( 'NONE', *, *, #2370, .T. ) ;
#1825 = CARTESIAN_POINT ( 'NONE',  ( 30.73539397255675709, 13.11398119160416620, 19.56200197002864627 ) ) ;
#1826 = EDGE_LOOP ( 'NONE', ( #705, #1018, #281, #2841, #1677 ) ) ;
#1827 = EDGE_CURVE ( 'NONE', #981, #707, #725, .T. ) ;
#1828 = CARTESIAN_POINT ( 'NONE',  ( 30.73539397255676064, 13.11398119160438114, 56.54200197002862893 ) ) ;
#1829 = VERTEX_POINT ( 'NONE', #2990 ) ;
#1830 = EDGE_CURVE ( 'NONE', #293, #884, #1746, .T. ) ;
#1831 = VECTOR ( 'NONE', #3108, 1000.000000000000000 ) ;
#1832 = CARTESIAN_POINT ( 'NONE',  ( -5.264606027443180736, 15.00000000000000000, 179.9714043947262780 ) ) ;
#1833 = DIRECTION ( 'NONE',  ( 1.948222596577256194E-16, -9.741112982886280969E-17, 1.000000000000000000 ) ) ;
#1834 = DIRECTION ( 'NONE',  ( -0.000000000000000000, -1.000000000000000000, -0.000000000000000000 ) ) ;
#1835 = DIRECTION ( 'NONE',  ( 0.000000000000000000, 1.000000000000000000, 0.000000000000000000 ) ) ;
#1836 = LINE ( 'NONE', #3082, #712 ) ;
#1837 = EDGE_LOOP ( 'NONE', ( #1130, #2933, #2869, #356, #1427, #2368, #787 ) ) ;
#1838 = LINE ( 'NONE', #556, #1369 ) ;
#1839 = ORIENTED_EDGE ( 'NONE', *, *, #2583, .F. ) ;
#1840 = ORIENTED_EDGE ( 'NONE', *, *, #85, .T. ) ;
#1841 = DIRECTION ( 'NONE',  ( -0.000000000000000000, -1.000000000000000000, -0.000000000000000000 ) ) ;
#1842 = ORIENTED_EDGE ( 'NONE', *, *, #2705, .F. ) ;
#1843 = PRODUCT_DEFINITION_CONTEXT ( 'detailed design', #2174, 'design' ) ;
#1844 = EDGE_CURVE ( 'NONE', #714, #2713, #983, .T. ) ;
#1845 = EDGE_CURVE ( 'NONE', #2176, #2461, #55, .T. ) ;
#1846 = CARTESIAN_POINT ( 'NONE',  ( 30.73539397255677841, 1.999999999997095657, 174.9714043947263917 ) ) ;
#1847 = CARTESIAN_POINT ( 'NONE',  ( 18.47478934024678310, 10.31966511132194064, 22.14999999999999858 ) ) ;
#1848 = ORIENTED_EDGE ( 'NONE', *, *, #175, .F. ) ;
#1849 = DIRECTION ( 'NONE',  ( -1.000000000000000000, -0.000000000000000000, 1.286899466156778151E-16 ) ) ;
#1850 = AXIS2_PLACEMENT_3D ( 'NONE', #245, #1215, #1282 ) ;
#1851 = CARTESIAN_POINT ( 'NONE',  ( 0.000000000000000000, 15.00000000000000000, 17.85000000000000142 ) ) ;
#1852 = VECTOR ( 'NONE', #992, 1000.000000000000114 ) ;
#1853 = CARTESIAN_POINT ( 'NONE',  ( 30.51644395135919652, 4.376552451895333817, 11.46970040913743105 ) ) ;
#1854 = VERTEX_POINT ( 'NONE', #2563 ) ;
#1855 = CARTESIAN_POINT ( 'NONE',  ( 8.500000000000000000, 15.00000000000000000, 10.00000000000000000 ) ) ;
#1856 = VECTOR ( 'NONE', #647, 1000.000000000000000 ) ;
#1857 = ORIENTED_EDGE ( 'NONE', *, *, #1247, .T. ) ;
#1858 = ORIENTED_EDGE ( 'NONE', *, *, #1925, .F. ) ;
#1859 = AXIS2_PLACEMENT_3D ( 'NONE', #239, #1703, #2697 ) ;
#1860 = LINE ( 'NONE', #608, #2630 ) ;
#1861 = ORIENTED_EDGE ( 'NONE', *, *, #378, .T. ) ;
#1862 = ADVANCED_FACE ( 'NONE', ( #2825 ), #573, .F. ) ;
#1863 = CARTESIAN_POINT ( 'NONE',  ( -15.26460602744322870, 13.11398119160481812, 137.9865541646971394 ) ) ;
#1864 = DIRECTION ( 'NONE',  ( 0.000000000000000000, 0.000000000000000000, 1.000000000000000000 ) ) ;
#1865 = ORIENTED_EDGE ( 'NONE', *, *, #2029, .T. ) ;
#1866 = DIRECTION ( 'NONE',  ( -1.000000000000000000, -0.000000000000000000, 1.286899466156778151E-16 ) ) ;
#1867 = EDGE_CURVE ( 'NONE', #3150, #98, #3121, .T. ) ;
#1868 = DIRECTION ( 'NONE',  ( 0.000000000000000000, 9.741112982886280969E-17, -1.000000000000000000 ) ) ;
#1869 = CARTESIAN_POINT ( 'NONE',  ( 7.525634833701304593, 15.00000000000000000, 179.9714043947263065 ) ) ;
#1870 = ORIENTED_EDGE ( 'NONE', *, *, #1807, .F. ) ;
#1871 = ADVANCED_FACE ( 'NONE', ( #1385 ), #330, .F. ) ;
#1872 = CARTESIAN_POINT ( 'NONE',  ( 0.000000000000000000, 0.000000000000000000, 20.00000000000000000 ) ) ;
#1873 = ORIENTED_EDGE ( 'NONE', *, *, #2527, .T. ) ;
#1874 = ORIENTED_EDGE ( 'NONE', *, *, #2608, .F. ) ;
#1875 = VERTEX_POINT ( 'NONE', #101 ) ;
#1876 = ORIENTED_EDGE ( 'NONE', *, *, #661, .T. ) ;
#1877 = LINE ( 'NONE', #71, #586 ) ;
#1878 = CARTESIAN_POINT ( 'NONE',  ( 8.500000000000000000, 13.11398119160502418, 10.00000000000000000 ) ) ;
#1879 = CARTESIAN_POINT ( 'NONE',  ( 8.500000000000000000, 5.650946824011813696, 12.65000000000000036 ) ) ;
#1880 = VERTEX_POINT ( 'NONE', #2121 ) ;
#1881 = DIRECTION ( 'NONE',  ( -0.000000000000000000, -1.000000000000000000, -0.000000000000000000 ) ) ;
#1882 = CARTESIAN_POINT ( 'NONE',  ( 17.00000000000000000, 15.00000000000000000, 0.000000000000000000 ) ) ;
#1883 = AXIS2_PLACEMENT_3D ( 'NONE', #2275, #2566, #1799 ) ;
#1884 = ADVANCED_FACE ( 'NONE', ( #1615 ), #3103, .F. ) ;
#1885 = CARTESIAN_POINT ( 'NONE',  ( 24.73539397255679262, 13.11398119160503484, 169.0665541646970667 ) ) ;
#1886 = EDGE_LOOP ( 'NONE', ( #2675, #376, #2085 ) ) ;
#1887 = ADVANCED_FACE ( 'NONE', ( #116 ), #2612, .F. ) ;
#1888 = DIRECTION ( 'NONE',  ( -0.000000000000000000, -1.000000000000000000, -0.000000000000000000 ) ) ;
#1889 = VERTEX_POINT ( 'NONE', #626 ) ;
#1890 = ORIENTED_EDGE ( 'NONE', *, *, #20, .T. ) ;
#1891 = VECTOR ( 'NONE', #2453, 999.9999999999998863 ) ;
#1892 = ORIENTED_EDGE ( 'NONE', *, *, #2789, .T. ) ;
#1893 = CARTESIAN_POINT ( 'NONE',  ( -15.26460602744323225, 13.11398119160459963, 106.9065541646971269 ) ) ;
#1894 = FACE_BOUND ( 'NONE', #1661, .T. ) ;
#1895 = CARTESIAN_POINT ( 'NONE',  ( 16.73539397255682104, 0.000000000000000000, 181.9714043947262780 ) ) ;
#1896 = VERTEX_POINT ( 'NONE', #2058 ) ;
#1897 = CARTESIAN_POINT ( 'NONE',  ( -15.26460602744323936, 13.11398119160438114, 56.54200197002863604 ) ) ;
#1898 = VECTOR ( 'NONE', #2702, 1000.000000000000000 ) ;
#1899 = CARTESIAN_POINT ( 'NONE',  ( -15.26460602744322337, 13.11398119160503484, 169.0665541646970667 ) ) ;
#1900 = VECTOR ( 'NONE', #2103, 1000.000000000000000 ) ;
#1901 = DIRECTION ( 'NONE',  ( 0.7123596848290351113, -6.313105869340420628E-17, -0.7018145619964561988 ) ) ;
#1902 = EDGE_CURVE ( 'NONE', #2150, #162, #2076, .T. ) ;
#1903 = ORIENTED_EDGE ( 'NONE', *, *, #952, .T. ) ;
#1904 = CARTESIAN_POINT ( 'NONE',  ( 8.420984155169891849, 13.11398119160482167, 137.9865541646971394 ) ) ;
#1905 = EDGE_LOOP ( 'NONE', ( #1839, #469, #1033, #3133, #2335 ) ) ;
#1906 = ORIENTED_EDGE ( 'NONE', *, *, #605, .F. ) ;
#1907 = ORIENTED_EDGE ( 'NONE', *, *, #2111, .F. ) ;
#1908 = CARTESIAN_POINT ( 'NONE',  ( -3.982756142182843462, 15.00000000000000000, -10.02859560527365979 ) ) ;
#1909 = VECTOR ( 'NONE', #3130, 1000.000000000000000 ) ;
#1910 = EDGE_CURVE ( 'NONE', #1366, #2462, #806, .T. ) ;
#1911 = CIRCLE ( 'NONE', #1702, 2.249999999993923527 ) ;
#1912 = FACE_BOUND ( 'NONE', #2435, .T. ) ;
#1913 = DIRECTION ( 'NONE',  ( 0.000000000000000000, 1.000000000000000000, 0.000000000000000000 ) ) ;
#1914 = ORIENTED_EDGE ( 'NONE', *, *, #209, .T. ) ;
#1915 = CARTESIAN_POINT ( 'NONE',  ( 30.73539397255675709, 3.499999999999130473, 10.65786812002865069 ) ) ;
#1916 = AXIS2_PLACEMENT_3D ( 'NONE', #1208, #1931, #3206 ) ;
#1917 = CARTESIAN_POINT ( 'NONE',  ( 0.000000000000000000, 3.499999999999130473, 20.00000000000000000 ) ) ;
#1918 = ORIENTED_EDGE ( 'NONE', *, *, #762, .T. ) ;
#1919 = CARTESIAN_POINT ( 'NONE',  ( 8.420984155169859875, 3.499999999999564793, 72.81786812002866327 ) ) ;
#1920 = CARTESIAN_POINT ( 'NONE',  ( -15.26460602744324468, 3.499999999999133138, 10.65786812002865069 ) ) ;
#1921 = ORIENTED_EDGE ( 'NONE', *, *, #2268, .T. ) ;
#1922 = EDGE_LOOP ( 'NONE', ( #1183, #710, #328 ) ) ;
#1923 = ORIENTED_EDGE ( 'NONE', *, *, #2205, .T. ) ;
#1924 = FACE_OUTER_BOUND ( 'NONE', #1693, .T. ) ;
#1925 = EDGE_CURVE ( 'NONE', #1340, #2777, #1103, .T. ) ;
#1926 = CARTESIAN_POINT ( 'NONE',  ( 0.000000000000000000, 11.26549654198873007, 17.85000000000000142 ) ) ;
#1927 = CARTESIAN_POINT ( 'NONE',  ( 7.525634833701304593, 7.237324924829596995, 162.7214043947323603 ) ) ;
#1928 = EDGE_CURVE ( 'NONE', #2351, #2401, #88, .T. ) ;
#1929 = VERTEX_POINT ( 'NONE', #2596 ) ;
#1930 = CARTESIAN_POINT ( 'NONE',  ( -15.26460602744323936, 3.499999999999348077, 59.54613581502389508 ) ) ;
#1931 = DIRECTION ( 'NONE',  ( -9.441636360101802488E-17, -0.6795025024858341034, -0.7336731895847693474 ) ) ;
#1932 = ORIENTED_EDGE ( 'NONE', *, *, #2487, .F. ) ;
#1933 = VECTOR ( 'NONE', #1654, 1000.000000000000000 ) ;
#1934 = CARTESIAN_POINT ( 'NONE',  ( 8.420984155169893626, 11.52434310949205454, 142.4097346570291904 ) ) ;
#1935 = ORIENTED_EDGE ( 'NONE', *, *, #2205, .F. ) ;
#1936 = ORIENTED_EDGE ( 'NONE', *, *, #159, .F. ) ;
#1937 = EDGE_LOOP ( 'NONE', ( #129, #1811 ) ) ;
#1938 = LINE ( 'NONE', #643, #900 ) ;
#1939 = VECTOR ( 'NONE', #510, 1000.000000000000000 ) ;
#1940 = VECTOR ( 'NONE', #327, 1000.000000000000000 ) ;
#1941 = VECTOR ( 'NONE', #1191, 1000.000000000000000 ) ;
#1942 = CARTESIAN_POINT ( 'NONE',  ( 8.420984155169891849, 13.11398119160417508, 138.6569945773395602 ) ) ;
#1943 = EDGE_CURVE ( 'NONE', #1320, #1367, #166, .T. ) ;
#1944 = EDGE_LOOP ( 'NONE', ( #1158, #1890 ) ) ;
#1945 =( LENGTH_UNIT ( ) NAMED_UNIT ( * ) SI_UNIT ( .MILLI., .METRE. ) );
#1946 = DIRECTION ( 'NONE',  ( 0.000000000000000000, 8.995404500273531229E-17, 1.000000000000000000 ) ) ;
#1947 = EDGE_LOOP ( 'NONE', ( #212, #654 ) ) ;
#1948 = DIRECTION ( 'NONE',  ( -0.000000000000000000, -1.000000000000000000, -0.000000000000000000 ) ) ;
#1949 = CARTESIAN_POINT ( 'NONE',  ( 8.420984155169891849, 0.000000000000000000, 138.6569945773395602 ) ) ;
#1950 = EDGE_LOOP ( 'NONE', ( #1694, #1603, #2021, #2441, #1892, #2591, #2381, #823, #1037, #718 ) ) ;
#1951 = ORIENTED_EDGE ( 'NONE', *, *, #2099, .F. ) ;
#1952 = ORIENTED_EDGE ( 'NONE', *, *, #1163, .T. ) ;
#1953 = CARTESIAN_POINT ( 'NONE',  ( 7.525634833701304593, 5.936201672021084619, 167.2214043947202242 ) ) ;
#1954 = EDGE_LOOP ( 'NONE', ( #3149, #3095, #2228 ) ) ;
#1955 = PLANE ( 'NONE',  #1804 ) ;
#1956 = DIRECTION ( 'NONE',  ( -5.935588108461891454E-16, -8.995404500273533695E-17, -1.000000000000000000 ) ) ;
#1957 = VERTEX_POINT ( 'NONE', #871 ) ;
#1958 = DIRECTION ( 'NONE',  ( -0.000000000000000000, -1.000000000000000000, -0.000000000000000000 ) ) ;
#1959 = EDGE_CURVE ( 'NONE', #2403, #1089, #2352, .T. ) ;
#1960 = AXIS2_PLACEMENT_3D ( 'NONE', #2295, #61, #534 ) ;
#1961 = VECTOR ( 'NONE', #1205, 1000.000000000000000 ) ;
#1962 = PLANE ( 'NONE',  #1916 ) ;
#1963 = AXIS2_PLACEMENT_3D ( 'NONE', #633, #1426, #1639 ) ;
#1964 = VERTEX_POINT ( 'NONE', #1319 ) ;
#1965 = CARTESIAN_POINT ( 'NONE',  ( -15.26460602744322337, 13.11398119160503128, 174.9714043947263065 ) ) ;
#1966 = ADVANCED_FACE ( 'NONE', ( #345 ), #312, .F. ) ;
#1967 = DIRECTION ( 'NONE',  ( -0.6949681509768284027, -0.000000000000000000, -0.7190405198094529382 ) ) ;
#1968 = EDGE_CURVE ( 'NONE', #293, #662, #822, .T. ) ;
#1969 = ORIENTED_EDGE ( 'NONE', *, *, #1178, .T. ) ;
#1970 = ORIENTED_EDGE ( 'NONE', *, *, #1925, .T. ) ;
#1971 = VECTOR ( 'NONE', #1540, 1000.000000000000000 ) ;
#1972 = EDGE_LOOP ( 'NONE', ( #451, #2220 ) ) ;
#1973 = CARTESIAN_POINT ( 'NONE',  ( -2.104912759650912069, 13.11398119160416620, 19.56200197002864982 ) ) ;
#1974 = ORIENTED_EDGE ( 'NONE', *, *, #704, .F. ) ;
#1975 = DIRECTION ( 'NONE',  ( -1.000000000000000000, -0.000000000000000000, 1.286899466156778151E-16 ) ) ;
#1976 = CARTESIAN_POINT ( 'NONE',  ( -15.26460602744323758, 3.499999999999567901, 72.81786812002866327 ) ) ;
#1977 = ORIENTED_EDGE ( 'NONE', *, *, #2111, .T. ) ;
#1978 = DIRECTION ( 'NONE',  ( 5.935588108461891454E-16, 0.000000000000000000, 1.000000000000000000 ) ) ;
#1979 = ADVANCED_BREP_SHAPE_REPRESENTATION ( 'LatticeDroneArmV2', ( #2858, #1577 ), #939 ) ;
#1980 = CARTESIAN_POINT ( 'NONE',  ( 30.73539397255677486, 1.999999999999977573, 162.9714043947263633 ) ) ;
#1981 = DIRECTION ( 'NONE',  ( -0.000000000000000000, -1.000000000000000000, -0.000000000000000000 ) ) ;
#1982 = ORIENTED_EDGE ( 'NONE', *, *, #577, .T. ) ;
#1983 = CARTESIAN_POINT ( 'NONE',  ( -5.264606027443223368, 5.936201672021079290, 167.2214043947202242 ) ) ;
#1984 = EDGE_CURVE ( 'NONE', #2240, #2203, #1860, .T. ) ;
#1985 = ORIENTED_EDGE ( 'NONE', *, *, #138, .F. ) ;
#1986 = EDGE_CURVE ( 'NONE', #2122, #589, #1877, .T. ) ;
#1987 = VECTOR ( 'NONE', #2376, 1000.000000000000114 ) ;
#1988 = ORIENTED_EDGE ( 'NONE', *, *, #1145, .F. ) ;
#1989 = CARTESIAN_POINT ( 'NONE',  ( 30.58401425420946396, 0.000000000000000000, 20.37688537445799852 ) ) ;
#1990 = DIRECTION ( 'NONE',  ( 0.000000000000000000, 0.000000000000000000, 1.000000000000000000 ) ) ;
#1991 = AXIS2_PLACEMENT_3D ( 'NONE', #2045, #791, #3029 ) ;
#1992 = EDGE_LOOP ( 'NONE', ( #2930, #1285, #1457, #2845 ) ) ;
#1993 = LINE ( 'NONE', #2973, #648 ) ;
#1994 = FACE_BOUND ( 'NONE', #1937, .T. ) ;
#1995 = ORIENTED_EDGE ( 'NONE', *, *, #2374, .F. ) ;
#1996 = DIRECTION ( 'NONE',  ( 9.441636360101807418E-17, 0.6795025024858339924, 0.7336731895847695695 ) ) ;
#1997 = DIRECTION ( 'NONE',  ( 0.000000000000000000, 0.000000000000000000, -1.000000000000000000 ) ) ;
#1998 = FACE_OUTER_BOUND ( 'NONE', #3234, .T. ) ;
#1999 = DIRECTION ( 'NONE',  ( -0.000000000000000000, -1.000000000000000000, -0.000000000000000000 ) ) ;
#2000 = CARTESIAN_POINT ( 'NONE',  ( 8.500000000000000000, 15.00000000000000000, 10.00000000000000000 ) ) ;
#2001 = DIRECTION ( 'NONE',  ( 1.948222596577256194E-16, -9.741112982886280969E-17, 1.000000000000000000 ) ) ;
#2002 = EDGE_CURVE ( 'NONE', #655, #2383, #1581, .T. ) ;
#2003 = VERTEX_POINT ( 'NONE', #409 ) ;
#2004 = AXIS2_PLACEMENT_3D ( 'NONE', #1029, #2299, #3002 ) ;
#2005 = CARTESIAN_POINT ( 'NONE',  ( 17.00000000000000000, 15.00000000000000000, 17.85000000000000142 ) ) ;
#2006 = EDGE_LOOP ( 'NONE', ( #215, #2823, #3038, #2531 ) ) ;
#2007 = AXIS2_PLACEMENT_3D ( 'NONE', #2938, #2171, #150 ) ;
#2008 = CARTESIAN_POINT ( 'NONE',  ( 24.73539397255679972, 1.999999999999977573, 162.9714043947263633 ) ) ;
#2009 = EDGE_CURVE ( 'NONE', #1353, #250, #932, .T. ) ;
#2010 = FACE_BOUND ( 'NONE', #2293, .T. ) ;
#2011 = ORIENTED_EDGE ( 'NONE', *, *, #831, .F. ) ;
#2012 = CARTESIAN_POINT ( 'NONE',  ( 7.525634833701304593, 7.237324924829596995, 162.7214043947323603 ) ) ;
#2013 = AXIS2_PLACEMENT_3D ( 'NONE', #1872, #2134, #3132 ) ;
#2014 = DIRECTION ( 'NONE',  ( 5.935588108461891454E-16, -9.741112982886280969E-17, 1.000000000000000000 ) ) ;
#2015 = DIRECTION ( 'NONE',  ( 0.000000000000000000, 0.000000000000000000, -1.000000000000000000 ) ) ;
#2016 = DIRECTION ( 'NONE',  ( -1.323822129430135504E-16, -0.7336731893943659877, -0.6795025026914168764 ) ) ;
#2017 = AXIS2_PLACEMENT_3D ( 'NONE', #2279, #318, #3032 ) ;
#2018 = DIRECTION ( 'NONE',  ( 0.000000000000000000, 0.000000000000000000, 1.000000000000000000 ) ) ;
#2019 = CIRCLE ( 'NONE', #600, 2.249999999993923527 ) ;
#2020 = LINE ( 'NONE', #767, #2130 ) ;
#2021 = ORIENTED_EDGE ( 'NONE', *, *, #2660, .T. ) ;
#2022 = DIRECTION ( 'NONE',  ( 1.000000000000000000, -0.000000000000000000, -0.000000000000000000 ) ) ;
#2023 = DIRECTION ( 'NONE',  ( -0.000000000000000000, -1.000000000000000000, -0.000000000000000000 ) ) ;
#2024 = ORIENTED_EDGE ( 'NONE', *, *, #529, .F. ) ;
#2025 = DIRECTION ( 'NONE',  ( -9.441636360101808650E-17, -0.6795025024858339924, -0.7336731895847696805 ) ) ;
#2026 = DIRECTION ( 'NONE',  ( 0.000000000000000000, 0.7336731893943658767, 0.6795025026914167654 ) ) ;
#2027 = EDGE_LOOP ( 'NONE', ( #1048, #2871, #1969, #669, #3060 ) ) ;
#2028 = LINE ( 'NONE', #251, #1198 ) ;
#2029 = EDGE_CURVE ( 'NONE', #3116, #1880, #845, .T. ) ;
#2030 = EDGE_CURVE ( 'NONE', #301, #2471, #947, .T. ) ;
#2031 = EDGE_CURVE ( 'NONE', #1461, #1648, #1217, .T. ) ;
#2032 = CARTESIAN_POINT ( 'NONE',  ( 7.525634833701304593, 7.237324924829596995, 162.7214043947323603 ) ) ;
#2033 = CARTESIAN_POINT ( 'NONE',  ( -15.26460602744322692, 3.499999999999999112, 152.7861358150238971 ) ) ;
#2034 = DIRECTION ( 'NONE',  ( -0.000000000000000000, -1.000000000000000000, -0.000000000000000000 ) ) ;
#2035 = DIRECTION ( 'NONE',  ( 0.000000000000000000, -0.6795025024858366569, -0.7336731895847671270 ) ) ;
#2036 = LINE ( 'NONE', #815, #584 ) ;
#2037 = ORIENTED_EDGE ( 'NONE', *, *, #2169, .T. ) ;
#2038 = DIRECTION ( 'NONE',  ( -0.000000000000000000, -1.000000000000000000, -0.000000000000000000 ) ) ;
#2039 = CARTESIAN_POINT ( 'NONE',  ( 24.73539397255681038, 1.999999999997096101, 174.9714043947263917 ) ) ;
#2040 = ORIENTED_EDGE ( 'NONE', *, *, #1629, .T. ) ;
#2041 = CARTESIAN_POINT ( 'NONE',  ( -15.26460602744324113, 3.499999999999132250, 34.36613581502388115 ) ) ;
#2042 = DIRECTION ( 'NONE',  ( -0.000000000000000000, -1.000000000000000000, -0.000000000000000000 ) ) ;
#2043 = VECTOR ( 'NONE', #498, 1000.000000000000227 ) ;
#2044 = VERTEX_POINT ( 'NONE', #3182 ) ;
#2045 = CARTESIAN_POINT ( 'NONE',  ( 30.73539397255676420, 3.499999999999565237, 90.62613581502390048 ) ) ;
#2046 = EDGE_CURVE ( 'NONE', #624, #3150, #1938, .T. ) ;
#2047 = CARTESIAN_POINT ( 'NONE',  ( 30.73539397255676420, 3.499999999999348965, 65.44613581502387945 ) ) ;
#2048 = CARTESIAN_POINT ( 'NONE',  ( 7.525634833701304593, 0.000000000000000000, 164.9714043947263065 ) ) ;
#2049 = CARTESIAN_POINT ( 'NONE',  ( -6.295382433834546987, 1.999999999999977129, 162.9714043947263633 ) ) ;
#2050 =( BOUNDED_CURVE ( )  B_SPLINE_CURVE ( 3, ( #536, #2081, #271, #2831 ),
 .UNSPECIFIED., .F., .F. ) 
 B_SPLINE_CURVE_WITH_KNOTS ( ( 4, 4 ),
 ( 4.507232854750617967, 6.283185307179586232 ),
 .UNSPECIFIED. ) 
 CURVE ( )  GEOMETRIC_REPRESENTATION_ITEM ( )  RATIONAL_B_SPLINE_CURVE ( ( 1.000000000000000000, 0.7539889026692176976, 0.7539889026692176976, 1.000000000000000000 ) ) 
 REPRESENTATION_ITEM ( '' )  );
#2051 = AXIS2_PLACEMENT_3D ( 'NONE', #411, #1653, #427 ) ;
#2052 = VECTOR ( 'NONE', #1317, 1000.000000000000000 ) ;
#2053 = LINE ( 'NONE', #2283, #727 ) ;
#2054 = CARTESIAN_POINT ( 'NONE',  ( 2.632990618166808249E-16, 10.31966511132194064, 22.14999999999999858 ) ) ;
#2055 = ORIENTED_EDGE ( 'NONE', *, *, #2289, .T. ) ;
#2056 = CARTESIAN_POINT ( 'NONE',  ( 7.525634833701304593, 0.000000000000000000, 177.7214043947324171 ) ) ;
#2057 = ORIENTED_EDGE ( 'NONE', *, *, #2031, .F. ) ;
#2058 = CARTESIAN_POINT ( 'NONE',  ( 8.420984155169849217, 13.11398119160438114, 56.54200197002862893 ) ) ;
#2059 = VERTEX_POINT ( 'NONE', #2438 ) ;
#2060 = LINE ( 'NONE', #1290, #1043 ) ;
#2061 = VECTOR ( 'NONE', #3200, 1000.000000000000114 ) ;
#2062 = ORIENTED_EDGE ( 'NONE', *, *, #42, .T. ) ;
#2063 = DIRECTION ( 'NONE',  ( 1.131306760593314345E-15, 0.6795025024858366569, 0.7336731895847671270 ) ) ;
#2064 = CARTESIAN_POINT ( 'NONE',  ( 7.240576714238192046, 5.650946824011812808, 12.64999999999999858 ) ) ;
#2065 = DIRECTION ( 'NONE',  ( 0.000000000000000000, 0.7336731893943658767, 0.6795025026914167654 ) ) ;
#2066 = VECTOR ( 'NONE', #2147, 1000.000000000000000 ) ;
#2067 = DIRECTION ( 'NONE',  ( 0.000000000000000000, 1.000000000000000000, 0.000000000000000000 ) ) ;
#2068 = DIRECTION ( 'NONE',  ( 0.000000000000000000, 0.000000000000000000, 1.000000000000000000 ) ) ;
#2069 = EDGE_CURVE ( 'NONE', #768, #865, #2476, .T. ) ;
#2070 = VERTEX_POINT ( 'NONE', #1420 ) ;
#2071 = ADVANCED_FACE ( 'NONE', ( #2908 ), #1679, .F. ) ;
#2072 = LINE ( 'NONE', #1812, #1631 ) ;
#2073 = VECTOR ( 'NONE', #2896, 1000.000000000000000 ) ;
#2074 = EDGE_LOOP ( 'NONE', ( #557, #2498 ) ) ;
#2075 = EDGE_CURVE ( 'NONE', #1829, #3167, #195, .T. ) ;
#2076 = LINE ( 'NONE', #2322, #1900 ) ;
#2077 = ORIENTED_EDGE ( 'NONE', *, *, #362, .F. ) ;
#2078 = FACE_OUTER_BOUND ( 'NONE', #1150, .T. ) ;
#2079 = CARTESIAN_POINT ( 'NONE',  ( 20.00850512148798543, 6.244241035735587531, 150.2445155436575419 ) ) ;
#2080 = CARTESIAN_POINT ( 'NONE',  ( -15.26460602744323936, 0.000000000000000000, 42.21183419698265027 ) ) ;
#2081 = CARTESIAN_POINT ( 'NONE',  ( 14.59464313539521285, 11.55501312523832169, 21.00586378402055487 ) ) ;
#2082 = FACE_OUTER_BOUND ( 'NONE', #2309, .T. ) ;
#2083 = CARTESIAN_POINT ( 'NONE',  ( 17.00000000000000000, 0.000000000000000000, -2.149999999999997691 ) ) ;
#2084 = ADVANCED_FACE ( 'NONE', ( #1196 ), #2659, .F. ) ;
#2085 = ORIENTED_EDGE ( 'NONE', *, *, #95, .T. ) ;
#2086 = DIRECTION ( 'NONE',  ( 4.033246973425013629E-16, -0.7336731895847693474, 0.6795025024858341034 ) ) ;
#2087 = EDGE_LOOP ( 'NONE', ( #2595, #1002, #2987, #1985 ) ) ;
#2088 = EDGE_CURVE ( 'NONE', #1254, #2122, #2185, .T. ) ;
#2089 = DIRECTION ( 'NONE',  ( 0.000000000000000000, 8.995404500273531229E-17, 1.000000000000000000 ) ) ;
#2090 = ORIENTED_EDGE ( 'NONE', *, *, #1078, .F. ) ;
#2091 = VECTOR ( 'NONE', #675, 1000.000000000000000 ) ;
#2092 = DIRECTION ( 'NONE',  ( -0.5620286095831803497, 0.6068341486930352024, -0.5620286095831743545 ) ) ;
#2093 = ORIENTED_EDGE ( 'NONE', *, *, #1411, .F. ) ;
#2094 = CARTESIAN_POINT ( 'NONE',  ( 30.50217889215887723, 23.88175461854835291, 9.589266024818458689 ) ) ;
#2095 = FACE_BOUND ( 'NONE', #1947, .T. ) ;
#2096 = VECTOR ( 'NONE', #5, 1000.000000000000114 ) ;
#2097 = DIRECTION ( 'NONE',  ( -0.000000000000000000, -1.000000000000000000, -0.000000000000000000 ) ) ;
#2098 = ORIENTED_EDGE ( 'NONE', *, *, #3183, .F. ) ;
#2099 = EDGE_CURVE ( 'NONE', #589, #354, #903, .T. ) ;
#2100 = DIRECTION ( 'NONE',  ( 0.000000000000000000, -0.6795025024858346585, -0.7336731895847690144 ) ) ;
#2101 = VERTEX_POINT ( 'NONE', #2139 ) ;
#2102 = ORIENTED_EDGE ( 'NONE', *, *, #2369, .T. ) ;
#2103 = DIRECTION ( 'NONE',  ( 5.935588108461891454E-16, -9.741112982886280969E-17, 1.000000000000000000 ) ) ;
#2104 = ORIENTED_EDGE ( 'NONE', *, *, #1292, .T. ) ;
#2105 = ADVANCED_FACE ( 'NONE', ( #2954 ), #2404, .F. ) ;
#2106 = FACE_BOUND ( 'NONE', #3217, .T. ) ;
#2107 = CARTESIAN_POINT ( 'NONE',  ( 8.420984155169891849, 3.499999999999340528, 138.6569945773395602 ) ) ;
#2108 = EDGE_LOOP ( 'NONE', ( #407, #361 ) ) ;
#2109 = LINE ( 'NONE', #3096, #489 ) ;
#2110 = VECTOR ( 'NONE', #1302, 1000.000000000000000 ) ;
#2111 = EDGE_CURVE ( 'NONE', #1226, #3230, #688, .T. ) ;
#2112 = CARTESIAN_POINT ( 'NONE',  ( 18.73193771457779633, -6.956400846161000295, 32.05351458657626296 ) ) ;
#2113 = CARTESIAN_POINT ( 'NONE',  ( 8.556411240092600679, 1.999999999999977129, 162.9714043947263633 ) ) ;
#2114 = ORIENTED_EDGE ( 'NONE', *, *, #1201, .T. ) ;
#2115 = CARTESIAN_POINT ( 'NONE',  ( -3.982756142182843462, 15.00000000000000000, -10.02859560527365979 ) ) ;
#2116 = ORIENTED_EDGE ( 'NONE', *, *, #432, .F. ) ;
#2117 = VECTOR ( 'NONE', #1505, 1000.000000000000114 ) ;
#2118 = EDGE_LOOP ( 'NONE', ( #1773, #2957, #1289, #638, #2991, #1154, #1870 ) ) ;
#2119 = ORIENTED_EDGE ( 'NONE', *, *, #42, .F. ) ;
#2120 = VECTOR ( 'NONE', #784, 1000.000000000000000 ) ;
#2121 = CARTESIAN_POINT ( 'NONE',  ( 0.000000000000000000, 15.00000000000000000, -2.149999999999999911 ) ) ;
#2122 = VERTEX_POINT ( 'NONE', #2421 ) ;
#2123 = FACE_OUTER_BOUND ( 'NONE', #833, .T. ) ;
#2124 = ADVANCED_FACE ( 'NONE', ( #1924 ), #2922, .F. ) ;
#2125 = CARTESIAN_POINT ( 'NONE',  ( -15.26460602744324646, 15.00000000000000000, 1.253254279986792952 ) ) ;
#2126 = ORIENTED_EDGE ( 'NONE', *, *, #1584, .F. ) ;
#2127 = PLANE ( 'NONE',  #2172 ) ;
#2128 =( BOUNDED_CURVE ( )  B_SPLINE_CURVE ( 3, ( #2652, #2131, #109, #2619 ),
 .UNSPECIFIED., .F., .F. ) 
 B_SPLINE_CURVE_WITH_KNOTS ( ( 4, 4 ),
 ( 1.286899466156777905E-16, 3.141592653589793116 ),
 .UNSPECIFIED. ) 
 CURVE ( )  GEOMETRIC_REPRESENTATION_ITEM ( )  RATIONAL_B_SPLINE_CURVE ( ( 1.000000000000000000, 0.3333333333333333703, 0.3333333333333333703, 1.000000000000000000 ) ) 
 REPRESENTATION_ITEM ( '' )  );
#2129 = EDGE_CURVE ( 'NONE', #2746, #84, #2451, .T. ) ;
#2130 = VECTOR ( 'NONE', #2770, 999.9999999999998863 ) ;
#2131 = CARTESIAN_POINT ( 'NONE',  ( 13.80000000000000071, 6.298779483779230581, 7.350000000000001421 ) ) ;
#2132 = CARTESIAN_POINT ( 'NONE',  ( -5.264606027443223368, 0.000000000000000000, 167.2214043947202242 ) ) ;
#2133 = ORIENTED_EDGE ( 'NONE', *, *, #415, .T. ) ;
#2134 = DIRECTION ( 'NONE',  ( 0.000000000000000000, 1.000000000000000000, 0.000000000000000000 ) ) ;
#2135 = ORIENTED_EDGE ( 'NONE', *, *, #519, .F. ) ;
#2136 = ORIENTED_EDGE ( 'NONE', *, *, #1047, .F. ) ;
#2137 = VERTEX_POINT ( 'NONE', #1953 ) ;
#2138 = VERTEX_POINT ( 'NONE', #706 ) ;
#2139 = CARTESIAN_POINT ( 'NONE',  ( 30.42943429193652705, 0.000000000000000000, 0.000000000000000000 ) ) ;
#2140 = DIRECTION ( 'NONE',  ( 0.000000000000000000, -0.000000000000000000, 1.000000000000000000 ) ) ;
#2141 = FACE_BOUND ( 'NONE', #741, .T. ) ;
#2142 = VERTEX_POINT ( 'NONE', #1712 ) ;
#2143 = DIRECTION ( 'NONE',  ( 0.000000000000000000, -0.7336731895847673490, 0.6795025024858364349 ) ) ;
#2144 = EDGE_CURVE ( 'NONE', #2607, #1147, #471, .T. ) ;
#2145 = CYLINDRICAL_SURFACE ( 'NONE', #3114, 2.149999999999999911 ) ;
#2146 = VECTOR ( 'NONE', #1346, 1000.000000000000000 ) ;
#2147 = DIRECTION ( 'NONE',  ( -0.7071067811865513475, 0.000000000000000000, -0.7071067811865437980 ) ) ;
#2148 = VERTEX_POINT ( 'NONE', #1234 ) ;
#2149 = CARTESIAN_POINT ( 'NONE',  ( -15.26460602744324468, 13.11398119160416620, 19.56200197002865337 ) ) ;
#2150 = VERTEX_POINT ( 'NONE', #2790 ) ;
#2151 = AXIS2_PLACEMENT_3D ( 'NONE', #221, #1948, #404 ) ;
#2152 = ORIENTED_EDGE ( 'NONE', *, *, #1844, .F. ) ;
#2153 = AXIS2_PLACEMENT_3D ( 'NONE', #2859, #316, #1617 ) ;
#2154 = ORIENTED_EDGE ( 'NONE', *, *, #478, .F. ) ;
#2155 = DIRECTION ( 'NONE',  ( -1.000000000000000000, -0.000000000000000000, 1.286899466156778151E-16 ) ) ;
#2156 = CARTESIAN_POINT ( 'NONE',  ( 2.104912759650912069, 13.11398119160416620, 19.56200197002864982 ) ) ;
#2157 = CARTESIAN_POINT ( 'NONE',  ( -5.264606027443180736, 15.00000000000000000, 177.7214043947324171 ) ) ;
#2158 = EDGE_LOOP ( 'NONE', ( #1478, #2388, #105, #1023 ) ) ;
#2159 = DIRECTION ( 'NONE',  ( 9.441636360101777836E-17, 0.6795025024858364349, 0.7336731895847673490 ) ) ;
#2160 = AXIS2_PLACEMENT_3D ( 'NONE', #1510, #781, #751 ) ;
#2161 = CARTESIAN_POINT ( 'NONE',  ( -15.26460602744324113, 13.11398119160416620, 44.74655416469712321 ) ) ;
#2162 = VECTOR ( 'NONE', #2239, 1000.000000000000000 ) ;
#2163 = ORIENTED_EDGE ( 'NONE', *, *, #1411, .T. ) ;
#2164 = CYLINDRICAL_SURFACE ( 'NONE', #1750, 2.149999999999999023 ) ;
#2165 = ORIENTED_EDGE ( 'NONE', *, *, #1789, .F. ) ;
#2166 = ADVANCED_FACE ( 'NONE', ( #1480 ), #2512, .F. ) ;
#2167 = VERTEX_POINT ( 'NONE', #2772 ) ;
#2168 = VECTOR ( 'NONE', #530, 1000.000000000000000 ) ;
#2169 = EDGE_CURVE ( 'NONE', #450, #2868, #735, .T. ) ;
#2170 = VERTEX_POINT ( 'NONE', #491 ) ;
#2171 = DIRECTION ( 'NONE',  ( 3.579015818096174421E-15, -0.000000000000000000, 1.000000000000000000 ) ) ;
#2172 = AXIS2_PLACEMENT_3D ( 'NONE', #1669, #1345, #842 ) ;
#2173 = EDGE_CURVE ( 'NONE', #2070, #2511, #2757, .T. ) ;
#2174 = APPLICATION_CONTEXT ( 'automotive_design' ) ;
#2175 = CARTESIAN_POINT ( 'NONE',  ( 8.420984155169891849, 15.00000000000000000, 138.6569945773395602 ) ) ;
#2176 = VERTEX_POINT ( 'NONE', #979 ) ;
#2177 = PLANE ( 'NONE',  #2801 ) ;
#2178 = DIRECTION ( 'NONE',  ( -0.000000000000000000, -1.000000000000000000, -0.000000000000000000 ) ) ;
#2179 = ORIENTED_EDGE ( 'NONE', *, *, #181, .T. ) ;
#2180 = DIRECTION ( 'NONE',  ( -0.007585826378017233342, -0.000000000000000000, -0.9999712272051445305 ) ) ;
#2181 = EDGE_LOOP ( 'NONE', ( #2373, #1086, #365, #3056 ) ) ;
#2182 = EDGE_LOOP ( 'NONE', ( #191, #2906, #2918, #622 ) ) ;
#2183 = EDGE_CURVE ( 'NONE', #1793, #2674, #640, .T. ) ;
#2184 = ORIENTED_EDGE ( 'NONE', *, *, #1552, .T. ) ;
#2185 = LINE ( 'NONE', #2645, #2532 ) ;
#2186 = CARTESIAN_POINT ( 'NONE',  ( -15.26460602744324113, 13.99999999999999822, 42.21183419698265027 ) ) ;
#2187 = EDGE_LOOP ( 'NONE', ( #612, #2969, #879 ) ) ;
#2188 = PRESENTATION_STYLE_ASSIGNMENT (( #1438 ) ) ;
#2189 = CYLINDRICAL_SURFACE ( 'NONE', #1859, 2.249999999993868016 ) ;
#2190 = EDGE_LOOP ( 'NONE', ( #1182, #2695 ) ) ;
#2191 = DIRECTION ( 'NONE',  ( 0.000000000000000000, -0.7336731895847694584, 0.6795025024858341034 ) ) ;
#2192 = AXIS2_PLACEMENT_3D ( 'NONE', #1038, #2256, #2518 ) ;
#2193 = CARTESIAN_POINT ( 'NONE',  ( 30.42943429193652705, 15.00000000000000000, 0.000000000000000000 ) ) ;
#2194 = ORIENTED_EDGE ( 'NONE', *, *, #2371, .T. ) ;
#2195 = ORIENTED_EDGE ( 'NONE', *, *, #831, .T. ) ;
#2196 = EDGE_CURVE ( 'NONE', #707, #3100, #1512, .T. ) ;
#2197 = ORIENTED_EDGE ( 'NONE', *, *, #800, .F. ) ;
#2198 = CARTESIAN_POINT ( 'NONE',  ( 24.73539397255681749, 17.47453005976131024, 179.6795810162055602 ) ) ;
#2199 = CIRCLE ( 'NONE', #2779, 2.649999999999999467 ) ;
#2200 = AXIS2_PLACEMENT_3D ( 'NONE', #542, #1579, #2287 ) ;
#2201 = DIRECTION ( 'NONE',  ( 0.000000000000000000, -0.7336731895847694584, 0.6795025024858341034 ) ) ;
#2202 = CARTESIAN_POINT ( 'NONE',  ( -15.26460602744323580, 13.11398119160459963, 81.72200197002865707 ) ) ;
#2203 = VERTEX_POINT ( 'NONE', #262 ) ;
#2204 = DIRECTION ( 'NONE',  ( 0.000000000000000000, 0.000000000000000000, -1.000000000000000000 ) ) ;
#2205 = EDGE_CURVE ( 'NONE', #1880, #782, #1249, .T. ) ;
#2206 = EDGE_CURVE ( 'NONE', #3041, #421, #541, .T. ) ;
#2207 = CARTESIAN_POINT ( 'NONE',  ( 16.38456816906785107, 3.499999999999132250, 34.36613581502388826 ) ) ;
#2208 = EDGE_CURVE ( 'NONE', #2461, #2812, #1, .T. ) ;
#2209 = ORIENTED_EDGE ( 'NONE', *, *, #821, .F. ) ;
#2210 = LINE ( 'NONE', #434, #307 ) ;
#2211 = DIRECTION ( 'NONE',  ( -1.000000000000000000, -0.000000000000000000, 1.286899466156778151E-16 ) ) ;
#2212 = ORIENTED_EDGE ( 'NONE', *, *, #2681, .F. ) ;
#2213 = VERTEX_POINT ( 'NONE', #2463 ) ;
#2214 = ORIENTED_EDGE ( 'NONE', *, *, #1867, .F. ) ;
#2215 = LINE ( 'NONE', #1031, #2120 ) ;
#2216 = VERTEX_POINT ( 'NONE', #525 ) ;
#2217 = LINE ( 'NONE', #1252, #2168 ) ;
#2218 = CIRCLE ( 'NONE', #2742, 2.649999999999999467 ) ;
#2219 = LINE ( 'NONE', #1942, #783 ) ;
#2220 = ORIENTED_EDGE ( 'NONE', *, *, #2029, .F. ) ;
#2221 = CARTESIAN_POINT ( 'NONE',  ( 8.420984155169865204, -26.80783407573783705, 93.51619397135968370 ) ) ;
#2222 = VECTOR ( 'NONE', #2092, 1000.000000000000114 ) ;
#2223 = AXIS2_PLACEMENT_3D ( 'NONE', #3141, #2378, #2602 ) ;
#2224 = EDGE_CURVE ( 'NONE', #2044, #2137, #1566, .T. ) ;
#2225 = CARTESIAN_POINT ( 'NONE',  ( 30.58401425420946396, 15.00000000000000000, 20.37688537445799852 ) ) ;
#2226 = AXIS2_PLACEMENT_3D ( 'NONE', #219, #1224, #2244 ) ;
#2227 = ADVANCED_FACE ( 'NONE', ( #3005 ), #754, .F. ) ;
#2228 = ORIENTED_EDGE ( 'NONE', *, *, #26, .T. ) ;
#2229 = CARTESIAN_POINT ( 'NONE',  ( 30.73539397255677130, 13.11398119160503306, 143.8820019700285968 ) ) ;
#2230 = DIRECTION ( 'NONE',  ( -1.253583309744921774E-32, -1.000000000000000000, -9.741112982886280969E-17 ) ) ;
#2231 = ORIENTED_EDGE ( 'NONE', *, *, #3129, .T. ) ;
#2232 = EDGE_LOOP ( 'NONE', ( #2679, #848, #3028, #2303 ) ) ;
#2233 = AXIS2_PLACEMENT_3D ( 'NONE', #2048, #728, #2731 ) ;
#2234 = VERTEX_POINT ( 'NONE', #2266 ) ;
#2235 = CARTESIAN_POINT ( 'NONE',  ( 7.525634833701304593, 15.00000000000000000, 182.2214043947201958 ) ) ;
#2236 = CARTESIAN_POINT ( 'NONE',  ( 12.02563483368913388, 11.40506787167025493, 167.2214043947202242 ) ) ;
#2237 = EDGE_LOOP ( 'NONE', ( #3, #1597 ) ) ;
#2238 = CARTESIAN_POINT ( 'NONE',  ( 17.00000000000000000, 15.00000000000000000, 20.00000000000000000 ) ) ;
#2239 = DIRECTION ( 'NONE',  ( -1.799080900054706246E-16, -8.995404500273531229E-17, -1.000000000000000000 ) ) ;
#2240 = VERTEX_POINT ( 'NONE', #1015 ) ;
#2241 = EDGE_CURVE ( 'NONE', #3179, #981, #2529, .T. ) ;
#2242 = FACE_BOUND ( 'NONE', #2187, .T. ) ;
#2243 = CARTESIAN_POINT ( 'NONE',  ( 8.420984155169835006, 1.000000000000000000, 42.21183419698265027 ) ) ;
#2244 = DIRECTION ( 'NONE',  ( 0.000000000000000000, 0.000000000000000000, 1.000000000000000000 ) ) ;
#2245 = LINE ( 'NONE', #2754, #1071 ) ;
#2246 = DIRECTION ( 'NONE',  ( 0.000000000000000000, -0.6795025024858346585, -0.7336731895847690144 ) ) ;
#2247 = EDGE_CURVE ( 'NONE', #1743, #293, #1774, .T. ) ;
#2248 = VECTOR ( 'NONE', #399, 1000.000000000000000 ) ;
#2249 = EDGE_LOOP ( 'NONE', ( #182, #1463, #1626, #174 ) ) ;
#2250 = CARTESIAN_POINT ( 'NONE',  ( 0.000000000000000000, 15.00000000000000000, 20.00000000000000000 ) ) ;
#2251 = DIRECTION ( 'NONE',  ( -0.000000000000000000, -1.000000000000000000, -0.000000000000000000 ) ) ;
#2252 = ORIENTED_EDGE ( 'NONE', *, *, #218, .T. ) ;
#2253 = DIRECTION ( 'NONE',  ( 9.441636360101806185E-17, 0.6795025024858341034, 0.7336731895847694584 ) ) ;
#2254 = FACE_OUTER_BOUND ( 'NONE', #2087, .T. ) ;
#2255 = VERTEX_POINT ( 'NONE', #2286 ) ;
#2256 = DIRECTION ( 'NONE',  ( -0.7018145619964563098, 0.000000000000000000, -0.7123596848290352224 ) ) ;
#2257 = AXIS2_PLACEMENT_3D ( 'NONE', #214, #1681, #1172 ) ;
#2258 =( BOUNDED_CURVE ( )  B_SPLINE_CURVE ( 3, ( #553, #2263, #1543, #2333 ),
 .UNSPECIFIED., .F., .F. ) 
 B_SPLINE_CURVE_WITH_KNOTS ( ( 4, 4 ),
 ( 1.286899466156778151E-16, 3.141592653589793116 ),
 .UNSPECIFIED. ) 
 CURVE ( )  GEOMETRIC_REPRESENTATION_ITEM ( )  RATIONAL_B_SPLINE_CURVE ( ( 1.000000000000000000, 0.3333333333333333703, 0.3333333333333333703, 1.000000000000000000 ) ) 
 REPRESENTATION_ITEM ( '' )  );
#2259 = CARTESIAN_POINT ( 'NONE',  ( 8.420984155169854546, 13.11398119160437581, 75.82655416469711440 ) ) ;
#2260 = DIRECTION ( 'NONE',  ( -1.000000000000000000, -0.000000000000000000, 1.286899466156778151E-16 ) ) ;
#2261 = FACE_OUTER_BOUND ( 'NONE', #2547, .T. ) ;
#2262 = DIRECTION ( 'NONE',  ( 1.541976423090495831E-15, -2.401507812055390302E-13, 1.000000000000000000 ) ) ;
#2263 = CARTESIAN_POINT ( 'NONE',  ( -0.7646060274553733160, 7.237324924829596995, 162.7214043947323603 ) ) ;
#2264 = EDGE_CURVE ( 'NONE', #3140, #2394, #2215, .T. ) ;
#2265 = ORIENTED_EDGE ( 'NONE', *, *, #1902, .F. ) ;
#2266 = CARTESIAN_POINT ( 'NONE',  ( 8.500000000000000000, 0.000000000000000000, 7.350000000000000533 ) ) ;
#2267 = DIRECTION ( 'NONE',  ( 1.047776838264150839E-15, -0.7336731895847673490, 0.6795025024858364349 ) ) ;
#2268 = EDGE_CURVE ( 'NONE', #1628, #858, #2796, .T. ) ;
#2269 = ORIENTED_EDGE ( 'NONE', *, *, #605, .T. ) ;
#2270 = VECTOR ( 'NONE', #1814, 1000.000000000000000 ) ;
#2271 = ADVANCED_FACE ( 'NONE', ( #3214 ), #1299, .F. ) ;
#2272 = CARTESIAN_POINT ( 'NONE',  ( 22.37321868742589359, 3.499999999999130473, 28.46613581502390034 ) ) ;
#2273 = PLANE ( 'NONE',  #1049 ) ;
#2274 = VERTEX_POINT ( 'NONE', #52 ) ;
#2275 = CARTESIAN_POINT ( 'NONE',  ( -5.264606027443180736, 0.000000000000000000, 179.9714043947262780 ) ) ;
#2276 = VECTOR ( 'NONE', #1380, 1000.000000000000000 ) ;
#2277 = DIRECTION ( 'NONE',  ( 0.000000000000000000, 0.000000000000000000, 1.000000000000000000 ) ) ;
#2278 = LINE ( 'NONE', #28, #1291 ) ;
#2279 = CARTESIAN_POINT ( 'NONE',  ( 8.420984155169835006, 13.99999999999999822, 42.21183419698265027 ) ) ;
#2280 = AXIS2_PLACEMENT_3D ( 'NONE', #3221, #1958, #2204 ) ;
#2281 = FACE_OUTER_BOUND ( 'NONE', #2708, .T. ) ;
#2282 = VECTOR ( 'NONE', #925, 1000.000000000000000 ) ;
#2283 = CARTESIAN_POINT ( 'NONE',  ( 8.420984155169835006, 15.00000000000000000, 42.21183419698265027 ) ) ;
#2284 = LINE ( 'NONE', #2542, #324 ) ;
#2285 = EDGE_LOOP ( 'NONE', ( #1780, #691, #3008, #1358 ) ) ;
#2286 = CARTESIAN_POINT ( 'NONE',  ( 8.420984155169886520, 13.11398119160481635, 118.7020019700286468 ) ) ;
#2287 = DIRECTION ( 'NONE',  ( 0.000000000000000000, 2.401628278969932232E-13, -1.000000000000000000 ) ) ;
#2288 = ORIENTED_EDGE ( 'NONE', *, *, #1910, .F. ) ;
#2289 = EDGE_CURVE ( 'NONE', #2170, #354, #2914, .T. ) ;
#2290 = AXIS2_PLACEMENT_3D ( 'NONE', #2490, #1558, #1522 ) ;
#2291 = CARTESIAN_POINT ( 'NONE',  ( 7.525634833701304593, 0.000000000000000000, 167.2214043947202242 ) ) ;
#2292 = DIRECTION ( 'NONE',  ( 0.000000000000000000, -0.6795025024858346585, -0.7336731895847690144 ) ) ;
#2293 = EDGE_LOOP ( 'NONE', ( #1618, #1645 ) ) ;
#2294 = DIRECTION ( 'NONE',  ( 1.000000000000000000, 0.000000000000000000, -0.000000000000000000 ) ) ;
#2295 = CARTESIAN_POINT ( 'NONE',  ( -5.264606027443223368, 0.000000000000000000, 164.9714043947263065 ) ) ;
#2296 = DIRECTION ( 'NONE',  ( -1.000000000000000000, -0.000000000000000000, 1.286899466156778151E-16 ) ) ;
#2297 = CARTESIAN_POINT ( 'NONE',  ( 2.632990618166808249E-16, 15.00000000000000000, 22.14999999999999858 ) ) ;
#2298 = DIRECTION ( 'NONE',  ( 0.000000000000000000, 0.000000000000000000, 1.000000000000000000 ) ) ;
#2299 = DIRECTION ( 'NONE',  ( -9.441636357651504373E-17, 0.6795025026914168764, -0.7336731893943659877 ) ) ;
#2300 = ORIENTED_EDGE ( 'NONE', *, *, #2264, .F. ) ;
#2301 = DIRECTION ( 'NONE',  ( 0.000000000000000000, 0.000000000000000000, -1.000000000000000000 ) ) ;
#2302 = CARTESIAN_POINT ( 'NONE',  ( 0.000000000000000000, 0.000000000000000000, 20.00000000000000000 ) ) ;
#2303 = ORIENTED_EDGE ( 'NONE', *, *, #320, .F. ) ;
#2304 = EDGE_CURVE ( 'NONE', #1337, #1162, #2128, .T. ) ;
#2305 = DIRECTION ( 'NONE',  ( -0.7071067811865513475, -6.360711521659366985E-17, -0.7071067811865436870 ) ) ;
#2306 = CIRCLE ( 'NONE', #1622, 2.249999999993895550 ) ;
#2307 = VERTEX_POINT ( 'NONE', #1412 ) ;
#2308 = DIRECTION ( 'NONE',  ( -1.253583309744921774E-32, -1.000000000000000000, -9.741112982886280969E-17 ) ) ;
#2309 = EDGE_LOOP ( 'NONE', ( #2450, #2102, #428, #1536 ) ) ;
#2310 = CARTESIAN_POINT ( 'NONE',  ( 8.420984155169891849, 3.499999999999781064, 138.6569945773395602 ) ) ;
#2311 = CARTESIAN_POINT ( 'NONE',  ( 7.525634833701304593, 15.00000000000000000, 177.7214043947324171 ) ) ;
#2312 = CYLINDRICAL_SURFACE ( 'NONE', #545, 8.000000000000007105 ) ;
#2313 = ADVANCED_FACE ( 'NONE', ( #352 ), #368, .F. ) ;
#2314 = EDGE_CURVE ( 'NONE', #2234, #2613, #3068, .T. ) ;
#2315 = FACE_BOUND ( 'NONE', #1318, .T. ) ;
#2316 = DIRECTION ( 'NONE',  ( -1.060600088056238423E-16, -0.6795025024858366569, -0.7336731895847671270 ) ) ;
#2317 = ADVANCED_FACE ( 'NONE', ( #143 ), #2145, .F. ) ;
#2318 = ORIENTED_EDGE ( 'NONE', *, *, #717, .T. ) ;
#2319 = LINE ( 'NONE', #3073, #2362 ) ;
#2320 = ORIENTED_EDGE ( 'NONE', *, *, #252, .F. ) ;
#2321 = VECTOR ( 'NONE', #2211, 1000.000000000000000 ) ;
#2322 = CARTESIAN_POINT ( 'NONE',  ( 8.420984155169891849, 3.500000000000001332, 138.6569945773395602 ) ) ;
#2323 = EDGE_LOOP ( 'NONE', ( #2953, #2876, #841 ) ) ;
#2324 = CARTESIAN_POINT ( 'NONE',  ( 8.500000000000000000, 3.499999999999131806, 12.65000000000000036 ) ) ;
#2325 = VECTOR ( 'NONE', #1697, 1000.000000000000000 ) ;
#2326 = DIRECTION ( 'NONE',  ( 0.000000000000000000, 0.000000000000000000, 1.000000000000000000 ) ) ;
#2327 = LINE ( 'NONE', #381, #516 ) ;
#2328 = DIRECTION ( 'NONE',  ( -0.000000000000000000, -1.000000000000000000, -0.000000000000000000 ) ) ;
#2329 = EDGE_CURVE ( 'NONE', #1367, #1320, #232, .T. ) ;
#2330 = AXIS2_PLACEMENT_3D ( 'NONE', #1869, #603, #2865 ) ;
#2331 = VECTOR ( 'NONE', #1159, 1000.000000000000000 ) ;
#2332 = CARTESIAN_POINT ( 'NONE',  ( 0.000000000000000000, 0.000000000000000000, 0.000000000000000000 ) ) ;
#2333 = CARTESIAN_POINT ( 'NONE',  ( -5.264606027443223368, 11.40506787167026204, 167.2214043947202242 ) ) ;
#2334 = ADVANCED_FACE ( 'NONE', ( #1376, #1621 ), #3142, .F. ) ;
#2335 = ORIENTED_EDGE ( 'NONE', *, *, #1663, .F. ) ;
#2336 = DIRECTION ( 'NONE',  ( -1.000000000000000000, -0.000000000000000000, 1.286899466156778151E-16 ) ) ;
#2337 = VERTEX_POINT ( 'NONE', #892 ) ;
#2338 = ORIENTED_EDGE ( 'NONE', *, *, #2681, .T. ) ;
#2339 = DIRECTION ( 'NONE',  ( -1.000000000000000000, -0.000000000000000000, 1.286899466156778151E-16 ) ) ;
#2340 = ORIENTED_EDGE ( 'NONE', *, *, #904, .F. ) ;
#2341 = CARTESIAN_POINT ( 'NONE',  ( 16.73539397255682104, 0.000000000000000000, 189.9714043947262780 ) ) ;
#2342 = CARTESIAN_POINT ( 'NONE',  ( 6.245611545884926841, 4.817257164054413288, 11.87786573286582836 ) ) ;
#2343 = LINE ( 'NONE', #3126, #3164 ) ;
#2344 = EDGE_CURVE ( 'NONE', #2777, #1642, #1110, .T. ) ;
#2345 = FACE_BOUND ( 'NONE', #2501, .T. ) ;
#2346 = CARTESIAN_POINT ( 'NONE',  ( 8.500000000000000000, 6.298779483779229693, 7.350000000000000533 ) ) ;
#2347 = ORIENTED_EDGE ( 'NONE', *, *, #615, .T. ) ;
#2348 = CARTESIAN_POINT ( 'NONE',  ( -15.26460602744324646, 15.00000000000000000, 1.253254279986792952 ) ) ;
#2349 = EDGE_CURVE ( 'NONE', #1889, #771, #402, .T. ) ;
#2350 = ORIENTED_EDGE ( 'NONE', *, *, #240, .F. ) ;
#2351 = VERTEX_POINT ( 'NONE', #126 ) ;
#2352 = LINE ( 'NONE', #1633, #274 ) ;
#2353 = ORIENTED_EDGE ( 'NONE', *, *, #1306, .T. ) ;
#2354 = EDGE_CURVE ( 'NONE', #598, #2148, #614, .T. ) ;
#2355 = PRODUCT_DEFINITION_FORMATION_WITH_SPECIFIED_SOURCE ( 'ANY', '', #37, .NOT_KNOWN. ) ;
#2356 = DIRECTION ( 'NONE',  ( 0.000000000000000000, 1.000000000000000000, 0.000000000000000000 ) ) ;
#2357 = CARTESIAN_POINT ( 'NONE',  ( 30.73539397255677130, 3.499999999999782396, 121.7061358150238988 ) ) ;
#2358 = EDGE_LOOP ( 'NONE', ( #1533, #3237, #2104, #455 ) ) ;
#2359 = LINE ( 'NONE', #1915, #2743 ) ;
#2360 = CARTESIAN_POINT ( 'NONE',  ( 30.73539397255677130, 3.499999999999999112, 152.7861358150238971 ) ) ;
#2361 = VECTOR ( 'NONE', #610, 1000.000000000000000 ) ;
#2362 = VECTOR ( 'NONE', #3023, 1000.000000000000000 ) ;
#2363 = VECTOR ( 'NONE', #2670, 1000.000000000000000 ) ;
#2364 = CARTESIAN_POINT ( 'NONE',  ( 8.420984155169835006, 15.00000000000000000, 42.21183419698265027 ) ) ;
#2365 = EDGE_LOOP ( 'NONE', ( #1842, #3192, #373, #470, #2350, #2839, #505 ) ) ;
#2366 = DIRECTION ( 'NONE',  ( -9.441636360101802488E-17, -0.6795025024858341034, -0.7336731895847693474 ) ) ;
#2367 = VERTEX_POINT ( 'NONE', #3128 ) ;
#2368 = ORIENTED_EDGE ( 'NONE', *, *, #1705, .F. ) ;
#2369 = EDGE_CURVE ( 'NONE', #2812, #2176, #877, .T. ) ;
#2370 = EDGE_CURVE ( 'NONE', #1662, #3041, #2492, .T. ) ;
#2371 = EDGE_CURVE ( 'NONE', #2857, #2886, #1396, .T. ) ;
#2372 = CARTESIAN_POINT ( 'NONE',  ( 8.420984155169863428, 58.00753843054506831, 92.22084789155145756 ) ) ;
#2373 = ORIENTED_EDGE ( 'NONE', *, *, #1083, .T. ) ;
#2374 = EDGE_CURVE ( 'NONE', #3100, #2101, #2397, .T. ) ;
#2375 = DIRECTION ( 'NONE',  ( 0.000000000000000000, 1.000000000000000000, 0.000000000000000000 ) ) ;
#2376 = DIRECTION ( 'NONE',  ( -0.7123596848290351113, -6.836454941442328415E-17, 0.7018145619964561988 ) ) ;
#2377 = ORIENTED_EDGE ( 'NONE', *, *, #901, .F. ) ;
#2378 = DIRECTION ( 'NONE',  ( -3.090499121305414175E-29, -1.000000000000000000, -2.401507812055390302E-13 ) ) ;
#2379 = CARTESIAN_POINT ( 'NONE',  ( -15.26460602744324646, 13.11398119160500997, 4.757868120028709846 ) ) ;
#2380 = CARTESIAN_POINT ( 'NONE',  ( 8.420984155169884744, 4.180962803631211422, 126.9754518323787096 ) ) ;
#2381 = ORIENTED_EDGE ( 'NONE', *, *, #3106, .T. ) ;
#2382 = FACE_BOUND ( 'NONE', #1944, .T. ) ;
#2383 = VERTEX_POINT ( 'NONE', #649 ) ;
#2384 = AXIS2_PLACEMENT_3D ( 'NONE', #1895, #168, #1759 ) ;
#2385 = VECTOR ( 'NONE', #1607, 1000.000000000000000 ) ;
#2386 = ORIENTED_EDGE ( 'NONE', *, *, #1163, .F. ) ;
#2387 = ORIENTED_EDGE ( 'NONE', *, *, #3187, .T. ) ;
#2388 = ORIENTED_EDGE ( 'NONE', *, *, #2863, .T. ) ;
#2389 = CIRCLE ( 'NONE', #2226, 2.149999999999999911 ) ;
#2390 = CARTESIAN_POINT ( 'NONE',  ( 17.00000000000000000, 15.00000000000000000, 20.00000000000000000 ) ) ;
#2391 = EDGE_CURVE ( 'NONE', #2720, #2777, #1658, .T. ) ;
#2392 = CARTESIAN_POINT ( 'NONE',  ( 31.53243869071616601, 13.24300939848822445, 19.44250054798731497 ) ) ;
#2393 = CARTESIAN_POINT ( 'NONE',  ( -15.26460602744322870, 3.499999999999760192, 127.6061358150238902 ) ) ;
#2394 = VERTEX_POINT ( 'NONE', #2161 ) ;
#2395 = FACE_OUTER_BOUND ( 'NONE', #375, .T. ) ;
#2396 = AXIS2_PLACEMENT_3D ( 'NONE', #270, #2015, #1752 ) ;
#2397 = LINE ( 'NONE', #1361, #1075 ) ;
#2398 = DIRECTION ( 'NONE',  ( 0.000000000000000000, 0.000000000000000000, -1.000000000000000000 ) ) ;
#2399 = ORIENTED_EDGE ( 'NONE', *, *, #1428, .F. ) ;
#2400 = PLANE ( 'NONE',  #329 ) ;
#2401 = VERTEX_POINT ( 'NONE', #3160 ) ;
#2402 = ORIENTED_EDGE ( 'NONE', *, *, #1078, .T. ) ;
#2403 = VERTEX_POINT ( 'NONE', #912 ) ;
#2404 = PLANE ( 'NONE',  #2007 ) ;
#2405 = DIRECTION ( 'NONE',  ( -0.000000000000000000, -1.000000000000000000, -0.000000000000000000 ) ) ;
#2406 = CARTESIAN_POINT ( 'NONE',  ( 13.64599154785897639, 13.11398119160503128, 143.8820019700285968 ) ) ;
#2407 = ORIENTED_EDGE ( 'NONE', *, *, #3129, .F. ) ;
#2408 = CARTESIAN_POINT ( 'NONE',  ( 8.500000000000000000, 13.11398119160501707, 7.350000000000000533 ) ) ;
#2409 = VECTOR ( 'NONE', #2911, 1000.000000000000000 ) ;
#2410 = EDGE_CURVE ( 'NONE', #121, #2857, #388, .T. ) ;
#2411 = CARTESIAN_POINT ( 'NONE',  ( 0.000000000000000000, 15.00000000000000000, 0.000000000000000000 ) ) ;
#2412 = AXIS2_PLACEMENT_3D ( 'NONE', #2747, #808, #314 ) ;
#2413 = ADVANCED_FACE ( 'NONE', ( #201 ), #1440, .F. ) ;
#2414 = ORIENTED_EDGE ( 'NONE', *, *, #3228, .F. ) ;
#2415 =( NAMED_UNIT ( * ) SI_UNIT ( $, .STERADIAN. ) SOLID_ANGLE_UNIT ( ) );
#2416 = ADVANCED_FACE ( 'NONE', ( #187 ), #1962, .F. ) ;
#2417 = CARTESIAN_POINT ( 'NONE',  ( -15.26460602744322159, 15.00000000000000000, 189.9714043947263065 ) ) ;
#2418 = ORIENTED_EDGE ( 'NONE', *, *, #26, .F. ) ;
#2419 = ORIENTED_EDGE ( 'NONE', *, *, #2781, .T. ) ;
#2420 = ORIENTED_EDGE ( 'NONE', *, *, #1761, .T. ) ;
#2421 = CARTESIAN_POINT ( 'NONE',  ( 20.73658061723904211, 15.00000000000000000, -10.02859560527374860 ) ) ;
#2422 = DIRECTION ( 'NONE',  ( 1.000000000000000000, -0.000000000000000000, -0.000000000000000000 ) ) ;
#2423 = CARTESIAN_POINT ( 'NONE',  ( 17.00000000000000000, 15.00000000000000000, -2.149999999999997691 ) ) ;
#2424 = EDGE_LOOP ( 'NONE', ( #3074, #1433, #976, #1873 ) ) ;
#2425 = VECTOR ( 'NONE', #2001, 1000.000000000000000 ) ;
#2426 = DIRECTION ( 'NONE',  ( -1.253583309744921774E-32, -1.000000000000000000, -9.741112982886280969E-17 ) ) ;
#2427 = AXIS2_PLACEMENT_3D ( 'NONE', #559, #3059, #2872 ) ;
#2428 = EDGE_CURVE ( 'NONE', #3150, #3100, #1472, .T. ) ;
#2429 = EDGE_LOOP ( 'NONE', ( #1167, #1251 ) ) ;
#2430 = LINE ( 'NONE', #2475, #151 ) ;
#2431 = EDGE_CURVE ( 'NONE', #1875, #782, #2389, .T. ) ;
#2432 = AXIS2_PLACEMENT_3D ( 'NONE', #3148, #914, #847 ) ;
#2433 = LINE ( 'NONE', #449, #1898 ) ;
#2434 = ORIENTED_EDGE ( 'NONE', *, *, #2075, .F. ) ;
#2435 = EDGE_LOOP ( 'NONE', ( #2925, #2653 ) ) ;
#2436 = AXIS2_PLACEMENT_3D ( 'NONE', #1777, #3026, #2775 ) ;
#2437 = VERTEX_POINT ( 'NONE', #990 ) ;
#2438 = CARTESIAN_POINT ( 'NONE',  ( 17.00000000000000000, 3.499999999999130473, 17.85000000000000142 ) ) ;
#2439 = VECTOR ( 'NONE', #155, 1000.000000000000000 ) ;
#2440 = CIRCLE ( 'NONE', #1017, 2.149999999999999023 ) ;
#2441 = ORIENTED_EDGE ( 'NONE', *, *, #1047, .T. ) ;
#2442 = DIRECTION ( 'NONE',  ( 0.000000000000000000, -0.7336731895847695695, 0.6795025024858339924 ) ) ;
#2443 = DIRECTION ( 'NONE',  ( 5.935588108461890468E-16, -0.000000000000000000, 1.000000000000000000 ) ) ;
#2444 = EDGE_CURVE ( 'NONE', #1337, #2234, #2473, .T. ) ;
#2445 = ORIENTED_EDGE ( 'NONE', *, *, #3086, .F. ) ;
#2446 = CYLINDRICAL_SURFACE ( 'NONE', #2151, 2.249999999993923527 ) ;
#2447 = CARTESIAN_POINT ( 'NONE',  ( 17.00000000000000000, 11.26549654198873185, 17.85000000000000142 ) ) ;
#2448 = ORIENTED_EDGE ( 'NONE', *, *, #13, .F. ) ;
#2449 = ORIENTED_EDGE ( 'NONE', *, *, #762, .F. ) ;
#2450 = ORIENTED_EDGE ( 'NONE', *, *, #1120, .T. ) ;
#2451 = LINE ( 'NONE', #2198, #2061 ) ;
#2452 = EDGE_CURVE ( 'NONE', #981, #2367, #3222, .T. ) ;
#2453 = DIRECTION ( 'NONE',  ( -0.000000000000000000, 0.6795025024858346585, 0.7336731895847690144 ) ) ;
#2454 = ORIENTED_EDGE ( 'NONE', *, *, #1646, .T. ) ;
#2455 = DIRECTION ( 'NONE',  ( -0.000000000000000000, -9.741112982886280969E-17, 1.000000000000000000 ) ) ;
#2456 = ORIENTED_EDGE ( 'NONE', *, *, #259, .F. ) ;
#2457 = LINE ( 'NONE', #465, #569 ) ;
#2458 = AXIS2_PLACEMENT_3D ( 'NONE', #2769, #2818, #537 ) ;
#2459 = FACE_OUTER_BOUND ( 'NONE', #2638, .T. ) ;
#2460 = ORIENTED_EDGE ( 'NONE', *, *, #1608, .T. ) ;
#2461 = VERTEX_POINT ( 'NONE', #2997 ) ;
#2462 = VERTEX_POINT ( 'NONE', #2682 ) ;
#2463 = CARTESIAN_POINT ( 'NONE',  ( 8.420984155169852770, 3.499999999999348965, 65.44613581502387945 ) ) ;
#2464 = VERTEX_POINT ( 'NONE', #2715 ) ;
#2465 = EDGE_CURVE ( 'NONE', #162, #2367, #484, .T. ) ;
#2466 = VECTOR ( 'NONE', #2405, 1000.000000000000000 ) ;
#2467 = VECTOR ( 'NONE', #2023, 1000.000000000000000 ) ;
#2468 = LINE ( 'NONE', #982, #3063 ) ;
#2469 = CARTESIAN_POINT ( 'NONE',  ( 20.73658061723904211, 15.00000000000000000, -10.02859560527374860 ) ) ;
#2470 = EDGE_CURVE ( 'NONE', #2471, #2713, #2019, .T. ) ;
#2471 = VERTEX_POINT ( 'NONE', #713 ) ;
#2472 = SURFACE_SIDE_STYLE ('',( #1470 ) ) ;
#2473 = LINE ( 'NONE', #1189, #180 ) ;
#2474 = VERTEX_POINT ( 'NONE', #729 ) ;
#2475 = CARTESIAN_POINT ( 'NONE',  ( 24.73539397255682104, 15.00000000000000000, 181.9714043947262780 ) ) ;
#2476 = CIRCLE ( 'NONE', #1168, 2.149999999999999023 ) ;
#2477 = LINE ( 'NONE', #2193, #1165 ) ;
#2478 = ORIENTED_EDGE ( 'NONE', *, *, #2369, .F. ) ;
#2479 = ORIENTED_EDGE ( 'NONE', *, *, #319, .F. ) ;
#2480 = ORIENTED_EDGE ( 'NONE', *, *, #1830, .T. ) ;
#2481 = DIRECTION ( 'NONE',  ( 0.000000000000000000, 0.000000000000000000, 1.000000000000000000 ) ) ;
#2482 = DIRECTION ( 'NONE',  ( -0.000000000000000000, -1.000000000000000000, -0.000000000000000000 ) ) ;
#2483 = ORIENTED_EDGE ( 'NONE', *, *, #1488, .T. ) ;
#2484 = CARTESIAN_POINT ( 'NONE',  ( -5.264606027443223368, 15.00000000000000000, 167.2214043947202242 ) ) ;
#2485 = VECTOR ( 'NONE', #2606, 999.9999999999998863 ) ;
#2486 = DIRECTION ( 'NONE',  ( 8.744514077012157203E-17, -0.7336731895847690144, 0.6795025024858346585 ) ) ;
#2487 = EDGE_CURVE ( 'NONE', #653, #2868, #694, .T. ) ;
#2488 = ORIENTED_EDGE ( 'NONE', *, *, #1943, .T. ) ;
#2489 = FACE_BOUND ( 'NONE', #2551, .T. ) ;
#2490 = CARTESIAN_POINT ( 'NONE',  ( 30.42943429193652705, 15.00000000000000000, 0.000000000000000000 ) ) ;
#2491 = DIRECTION ( 'NONE',  ( -0.000000000000000000, -1.000000000000000000, -0.000000000000000000 ) ) ;
#2492 = CIRCLE ( 'NONE', #25, 2.149999999999997691 ) ;
#2493 = DIRECTION ( 'NONE',  ( 4.354781859596661625E-16, 0.6795025024858346585, 0.7336731895847690144 ) ) ;
#2494 = CARTESIAN_POINT ( 'NONE',  ( -15.26460602744324113, 3.499999999999348521, 41.73786812002864366 ) ) ;
#2495 = VERTEX_POINT ( 'NONE', #2978 ) ;
#2496 = CARTESIAN_POINT ( 'NONE',  ( 3.852960017785000080, 3.261069431759632042, 164.3330076690369594 ) ) ;
#2497 = DIRECTION ( 'NONE',  ( -1.000000000000000000, -0.000000000000000000, 1.286899466156778151E-16 ) ) ;
#2498 = ORIENTED_EDGE ( 'NONE', *, *, #337, .T. ) ;
#2499 = FACE_OUTER_BOUND ( 'NONE', #147, .T. ) ;
#2500 = DIRECTION ( 'NONE',  ( 0.000000000000000000, 0.000000000000000000, 1.000000000000000000 ) ) ;
#2501 = EDGE_LOOP ( 'NONE', ( #869, #1599 ) ) ;
#2502 = CARTESIAN_POINT ( 'NONE',  ( 17.00000000000000000, 15.00000000000000000, 2.149999999999997691 ) ) ;
#2503 = CYLINDRICAL_SURFACE ( 'NONE', #124, 2.149999999999999023 ) ;
#2504 = LINE ( 'NONE', #1258, #672 ) ;
#2505 = DIRECTION ( 'NONE',  ( 0.000000000000000000, 0.000000000000000000, 1.000000000000000000 ) ) ;
#2506 = DIRECTION ( 'NONE',  ( 0.000000000000000000, 0.000000000000000000, 1.000000000000000000 ) ) ;
#2507 = EDGE_CURVE ( 'NONE', #870, #2403, #2440, .T. ) ;
#2508 = CARTESIAN_POINT ( 'NONE',  ( -5.264606027443180736, 15.00000000000000000, 179.9714043947262780 ) ) ;
#2509 = ADVANCED_FACE ( 'NONE', ( #431 ), #2189, .F. ) ;
#2510 = VECTOR ( 'NONE', #507, 999.9999999999998863 ) ;
#2511 = VERTEX_POINT ( 'NONE', #445 ) ;
#2512 = CYLINDRICAL_SURFACE ( 'NONE', #1850, 2.249999999993923527 ) ;
#2513 = CARTESIAN_POINT ( 'NONE',  ( 24.73539397255679262, -1.918291391509546084, 163.7043681996799762 ) ) ;
#2514 = ORIENTED_EDGE ( 'NONE', *, *, #3183, .T. ) ;
#2515 = DIRECTION ( 'NONE',  ( 0.000000000000000000, 0.000000000000000000, -1.000000000000000000 ) ) ;
#2516 = CARTESIAN_POINT ( 'NONE',  ( 30.73539397255676420, 13.11398119160459963, 81.72200197002865707 ) ) ;
#2517 = ORIENTED_EDGE ( 'NONE', *, *, #2568, .T. ) ;
#2518 = DIRECTION ( 'NONE',  ( -0.7123596848290351113, 0.000000000000000000, 0.7018145619964561988 ) ) ;
#2519 = VECTOR ( 'NONE', #2422, 1000.000000000000000 ) ;
#2520 = AXIS2_PLACEMENT_3D ( 'NONE', #2639, #3101, #113 ) ;
#2521 = CARTESIAN_POINT ( 'NONE',  ( 17.00000000000000000, 0.000000000000000000, 0.000000000000000000 ) ) ;
#2522 = PLANE ( 'NONE',  #2396 ) ;
#2523 = DIRECTION ( 'NONE',  ( 0.000000000000000000, 0.000000000000000000, -1.000000000000000000 ) ) ;
#2524 = LINE ( 'NONE', #1260, #1596 ) ;
#2525 = FACE_BOUND ( 'NONE', #2429, .T. ) ;
#2526 = CARTESIAN_POINT ( 'NONE',  ( 0.000000000000000000, 3.499999999999130473, 20.00000000000000000 ) ) ;
#2527 = EDGE_CURVE ( 'NONE', #2367, #685, #2929, .T. ) ;
#2528 = ORIENTED_EDGE ( 'NONE', *, *, #674, .F. ) ;
#2529 = LINE ( 'NONE', #16, #1657 ) ;
#2530 = CARTESIAN_POINT ( 'NONE',  ( -15.26460602744322870, 1.000000000000000888, 138.6569945773395602 ) ) ;
#2531 = ORIENTED_EDGE ( 'NONE', *, *, #2371, .F. ) ;
#2532 = VECTOR ( 'NONE', #441, 1000.000000000000000 ) ;
#2533 = LINE ( 'NONE', #3201, #802 ) ;
#2534 = DIRECTION ( 'NONE',  ( -0.000000000000000000, -1.000000000000000000, -0.000000000000000000 ) ) ;
#2535 = VERTEX_POINT ( 'NONE', #2207 ) ;
#2536 = DIRECTION ( 'NONE',  ( -8.995404500273531229E-17, -8.995404500273531229E-17, -1.000000000000000000 ) ) ;
#2537 = LINE ( 'NONE', #3239, #3215 ) ;
#2538 = DIRECTION ( 'NONE',  ( 0.000000000000000000, 1.000000000000000000, 0.000000000000000000 ) ) ;
#2539 = FACE_OUTER_BOUND ( 'NONE', #2027, .T. ) ;
#2540 = AXIS2_PLACEMENT_3D ( 'NONE', #1257, #1766, #1006 ) ;
#2541 = PLANE ( 'NONE',  #2458 ) ;
#2542 = CARTESIAN_POINT ( 'NONE',  ( 30.73539397255675709, 13.11398119160416620, 19.56200197002864627 ) ) ;
#2543 = EDGE_CURVE ( 'NONE', #102, #1320, #1718, .T. ) ;
#2544 = EDGE_LOOP ( 'NONE', ( #438, #1113, #51, #447 ) ) ;
#2545 = CARTESIAN_POINT ( 'NONE',  ( 7.525634833701304593, 15.00000000000000000, 164.9714043947263065 ) ) ;
#2546 = DIRECTION ( 'NONE',  ( -0.000000000000000000, 1.000000000000000000, -0.000000000000000000 ) ) ;
#2547 = EDGE_LOOP ( 'NONE', ( #1644, #1179, #1578, #1248, #1858 ) ) ;
#2548 = VECTOR ( 'NONE', #764, 1000.000000000000114 ) ;
#2549 = ADVANCED_FACE ( 'NONE', ( #1243 ), #1753, .F. ) ;
#2550 = LINE ( 'NONE', #477, #1525 ) ;
#2551 = EDGE_LOOP ( 'NONE', ( #2434, #1988, #2723 ) ) ;
#2552 = DIRECTION ( 'NONE',  ( -0.000000000000000000, -1.000000000000000000, -0.000000000000000000 ) ) ;
#2553 = ORIENTED_EDGE ( 'NONE', *, *, #3051, .F. ) ;
#2554 = EDGE_CURVE ( 'NONE', #1896, #2814, #501, .T. ) ;
#2555 = LINE ( 'NONE', #8, #283 ) ;
#2556 = DIRECTION ( 'NONE',  ( 0.000000000000000000, 0.000000000000000000, -1.000000000000000000 ) ) ;
#2557 = LINE ( 'NONE', #92, #1013 ) ;
#2558 = CARTESIAN_POINT ( 'NONE',  ( 2.632990618166809235E-16, 15.00000000000000000, 2.149999999999999911 ) ) ;
#2559 = LINE ( 'NONE', #1313, #1004 ) ;
#2560 = ORIENTED_EDGE ( 'NONE', *, *, #1493, .T. ) ;
#2561 = CARTESIAN_POINT ( 'NONE',  ( 29.34802313656092920, 17.28971828821616441, 21.59458000729253513 ) ) ;
#2562 = ORIENTED_EDGE ( 'NONE', *, *, #1120, .F. ) ;
#2563 = CARTESIAN_POINT ( 'NONE',  ( 8.500000000000000000, 13.11398119160503128, 12.65000000000000036 ) ) ;
#2564 = VECTOR ( 'NONE', #2536, 1000.000000000000000 ) ;
#2565 = ORIENTED_EDGE ( 'NONE', *, *, #217, .T. ) ;
#2566 = DIRECTION ( 'NONE',  ( 0.000000000000000000, 1.000000000000000000, 0.000000000000000000 ) ) ;
#2567 = ADVANCED_FACE ( 'NONE', ( #681 ), #2312, .T. ) ;
#2568 = EDGE_CURVE ( 'NONE', #2464, #734, #1338, .T. ) ;
#2569 = DIRECTION ( 'NONE',  ( -1.286899466156778151E-16, 0.000000000000000000, -1.000000000000000000 ) ) ;
#2570 = CARTESIAN_POINT ( 'NONE',  ( 17.00000000000000000, 10.31966511132193887, 22.14999999999999858 ) ) ;
#2571 = FACE_OUTER_BOUND ( 'NONE', #1798, .T. ) ;
#2572 = CIRCLE ( 'NONE', #414, 2.249999999993923527 ) ;
#2573 = DIRECTION ( 'NONE',  ( -1.000000000000000000, -0.000000000000000000, 1.286899466156778151E-16 ) ) ;
#2574 = CYLINDRICAL_SURFACE ( 'NONE', #3153, 2.149999999999997691 ) ;
#2575 = ORIENTED_EDGE ( 'NONE', *, *, #1061, .T. ) ;
#2576 = DIRECTION ( 'NONE',  ( -1.253583309744921774E-32, -1.000000000000000000, -9.741112982886280969E-17 ) ) ;
#2577 = ORIENTED_EDGE ( 'NONE', *, *, #252, .T. ) ;
#2578 = CIRCLE ( 'NONE', #2890, 2.149999999999999023 ) ;
#2579 = DIRECTION ( 'NONE',  ( -1.157618124926628724E-32, 1.000000000000000000, -8.995404500273531229E-17 ) ) ;
#2580 = EDGE_LOOP ( 'NONE', ( #2762, #818 ) ) ;
#2581 = CARTESIAN_POINT ( 'NONE',  ( 0.000000000000000000, 11.26549654198873007, 17.85000000000000142 ) ) ;
#2582 = AXIS2_PLACEMENT_3D ( 'NONE', #2709, #1464, #134 ) ;
#2583 = EDGE_CURVE ( 'NONE', #2674, #858, #2799, .T. ) ;
#2584 = DIRECTION ( 'NONE',  ( 0.000000000000000000, 0.000000000000000000, 1.000000000000000000 ) ) ;
#2585 = DIRECTION ( 'NONE',  ( 1.286899466156778151E-16, 0.000000000000000000, 1.000000000000000000 ) ) ;
#2586 = CARTESIAN_POINT ( 'NONE',  ( -5.264606027443223368, 5.936201672021079290, 167.2214043947202242 ) ) ;
#2587 = AXIS2_PLACEMENT_3D ( 'NONE', #724, #2741, #1483 ) ;
#2588 = ADVANCED_FACE ( 'NONE', ( #1310 ), #1821, .F. ) ;
#2589 = CARTESIAN_POINT ( 'NONE',  ( 25.42249118031535815, 13.11398119160416442, 25.46200197002863774 ) ) ;
#2590 = CARTESIAN_POINT ( 'NONE',  ( 3.200000000000002398, 12.02130131171725758, 12.65000000000000391 ) ) ;
#2591 = ORIENTED_EDGE ( 'NONE', *, *, #2942, .T. ) ;
#2592 =( BOUNDED_CURVE ( )  B_SPLINE_CURVE ( 3, ( #2763, #1570, #24, #2012 ),
 .UNSPECIFIED., .F., .F. ) 
 B_SPLINE_CURVE_WITH_KNOTS ( ( 4, 4 ),
 ( 3.141592653589793116, 6.283185307179586232 ),
 .UNSPECIFIED. ) 
 CURVE ( )  GEOMETRIC_REPRESENTATION_ITEM ( )  RATIONAL_B_SPLINE_CURVE ( ( 1.000000000000000000, 0.3333333333333333703, 0.3333333333333333703, 1.000000000000000000 ) ) 
 REPRESENTATION_ITEM ( '' )  );
#2593 = DIRECTION ( 'NONE',  ( 0.000000000000000000, 0.000000000000000000, -1.000000000000000000 ) ) ;
#2594 = VERTEX_POINT ( 'NONE', #2767 ) ;
#2595 = ORIENTED_EDGE ( 'NONE', *, *, #178, .T. ) ;
#2596 = CARTESIAN_POINT ( 'NONE',  ( -5.264606027443180736, 15.00000000000000000, 182.2214043947201390 ) ) ;
#2597 = ORIENTED_EDGE ( 'NONE', *, *, #1379, .T. ) ;
#2598 = UNCERTAINTY_MEASURE_WITH_UNIT (LENGTH_MEASURE( 1.000000000000000082E-05 ), #1945, 'distance_accuracy_value', 'NONE');
#2599 = DIRECTION ( 'NONE',  ( 0.000000000000000000, 1.000000000000000000, 0.000000000000000000 ) ) ;
#2600 = CARTESIAN_POINT ( 'NONE',  ( -9.764606027431071311, 7.237324924829596107, 162.7214043947323603 ) ) ;
#2601 = ORIENTED_EDGE ( 'NONE', *, *, #3089, .F. ) ;
#2602 = DIRECTION ( 'NONE',  ( 0.000000000000000000, 2.401628278969932232E-13, -1.000000000000000000 ) ) ;
#2603 = DIRECTION ( 'NONE',  ( -1.253583309744921774E-32, -1.000000000000000000, -9.741112982886280969E-17 ) ) ;
#2604 = ADVANCED_FACE ( 'NONE', ( #3018 ), #551, .F. ) ;
#2605 = ADVANCED_FACE ( 'NONE', ( #2261 ), #79, .F. ) ;
#2606 = DIRECTION ( 'NONE',  ( 1.226077854277949192E-16, 0.6795025024858346585, 0.7336731895847690144 ) ) ;
#2607 = VERTEX_POINT ( 'NONE', #3066 ) ;
#2608 = EDGE_CURVE ( 'NONE', #111, #653, #1587, .T. ) ;
#2609 = DIRECTION ( 'NONE',  ( 4.354781859596661625E-16, 0.6795025024858346585, 0.7336731895847690144 ) ) ;
#2610 = ORIENTED_EDGE ( 'NONE', *, *, #1546, .F. ) ;
#2611 = ORIENTED_EDGE ( 'NONE', *, *, #2196, .T. ) ;
#2612 = CYLINDRICAL_SURFACE ( 'NONE', #2427, 2.249999999993923527 ) ;
#2613 = VERTEX_POINT ( 'NONE', #1784 ) ;
#2614 = CIRCLE ( 'NONE', #1883, 2.249999999993868016 ) ;
#2615 = CARTESIAN_POINT ( 'NONE',  ( 2.632990618166809235E-16, 15.00000000000000000, 2.149999999999999911 ) ) ;
#2616 = CARTESIAN_POINT ( 'NONE',  ( 24.73539397255682104, 15.00000000000000000, 181.9714043947262780 ) ) ;
#2617 = ORIENTED_EDGE ( 'NONE', *, *, #2465, .T. ) ;
#2618 = CARTESIAN_POINT ( 'NONE',  ( 8.420984155169831453, 10.76641202100713635, 42.21183419698265737 ) ) ;
#2619 = CARTESIAN_POINT ( 'NONE',  ( 8.500000000000000000, 12.02130131171725225, 12.65000000000000036 ) ) ;
#2620 = VECTOR ( 'NONE', #3155, 1000.000000000000000 ) ;
#2621 = VECTOR ( 'NONE', #263, 1000.000000000000114 ) ;
#2622 = DIRECTION ( 'NONE',  ( -0.5620286096995070757, -0.6068341484775598982, -0.5620286096995009695 ) ) ;
#2623 = ADVANCED_FACE ( 'NONE', ( #2539 ), #515, .F. ) ;
#2624 = ORIENTED_EDGE ( 'NONE', *, *, #1391, .F. ) ;
#2625 = LINE ( 'NONE', #371, #3159 ) ;
#2626 = VERTEX_POINT ( 'NONE', #1559 ) ;
#2627 = EDGE_LOOP ( 'NONE', ( #1725, #3210, #133, #2771 ) ) ;
#2628 = EDGE_LOOP ( 'NONE', ( #1551, #2040, #3131, #2414 ) ) ;
#2629 = CARTESIAN_POINT ( 'NONE',  ( 7.525634833701304593, 15.00000000000000000, 164.9714043947263065 ) ) ;
#2630 = VECTOR ( 'NONE', #1354, 1000.000000000000114 ) ;
#2631 = PLANE ( 'NONE',  #696 ) ;
#2632 = LINE ( 'NONE', #812, #99 ) ;
#2633 = VERTEX_POINT ( 'NONE', #3080 ) ;
#2634 = DIRECTION ( 'NONE',  ( 0.000000000000000000, 0.000000000000000000, 1.000000000000000000 ) ) ;
#2635 = DIRECTION ( 'NONE',  ( -1.948222595482230729E-16, -2.532689374126900046E-15, -1.000000000000000000 ) ) ;
#2636 = CARTESIAN_POINT ( 'NONE',  ( -15.26460602744322337, 1.999999999997095657, 174.9714043947263917 ) ) ;
#2637 = VECTOR ( 'NONE', #2852, 1000.000000000000000 ) ;
#2638 = EDGE_LOOP ( 'NONE', ( #267, #702, #188, #2418 ) ) ;
#2639 = CARTESIAN_POINT ( 'NONE',  ( -5.264606027443223368, 0.000000000000000000, 164.9714043947263065 ) ) ;
#2640 = ORIENTED_EDGE ( 'NONE', *, *, #1105, .T. ) ;
#2641 = VECTOR ( 'NONE', #872, 1000.000000000000000 ) ;
#2642 = ORIENTED_EDGE ( 'NONE', *, *, #2543, .T. ) ;
#2643 = VERTEX_POINT ( 'NONE', #1573 ) ;
#2644 = VECTOR ( 'NONE', #994, 1000.000000000000000 ) ;
#2645 = CARTESIAN_POINT ( 'NONE',  ( 20.73658061723904211, 15.00000000000000000, -10.02859560527374860 ) ) ;
#2646 = EDGE_CURVE ( 'NONE', #655, #1089, #2050, .T. ) ;
#2647 = CARTESIAN_POINT ( 'NONE',  ( 30.53307484888577505, 13.11398119160503306, 13.66200197002864591 ) ) ;
#2648 = LINE ( 'NONE', #492, #410 ) ;
#2649 = ADVANCED_FACE ( 'NONE', ( #2571 ), #1275, .F. ) ;
#2650 = ORIENTED_EDGE ( 'NONE', *, *, #2749, .T. ) ;
#2651 = CARTESIAN_POINT ( 'NONE',  ( -15.26460602744324468, 13.11398119160503306, 13.66200197002865124 ) ) ;
#2652 = CARTESIAN_POINT ( 'NONE',  ( 8.500000000000000000, 6.298779483779229693, 7.350000000000000533 ) ) ;
#2653 = ORIENTED_EDGE ( 'NONE', *, *, #1520, .T. ) ;
#2654 =( NAMED_UNIT ( * ) PLANE_ANGLE_UNIT ( ) SI_UNIT ( $, .RADIAN. ) );
#2655 = DIRECTION ( 'NONE',  ( -1.000000000000000000, 0.000000000000000000, 0.000000000000000000 ) ) ;
#2656 = EDGE_LOOP ( 'NONE', ( #1355, #2347, #621, #2672, #418, #3188, #2664 ) ) ;
#2657 = ORIENTED_EDGE ( 'NONE', *, *, #2173, .F. ) ;
#2658 = ORIENTED_EDGE ( 'NONE', *, *, #2646, .T. ) ;
#2659 = PLANE ( 'NONE',  #2735 ) ;
#2660 = EDGE_CURVE ( 'NONE', #2855, #2044, #1911, .T. ) ;
#2661 = LINE ( 'NONE', #442, #2519 ) ;
#2662 = EDGE_CURVE ( 'NONE', #624, #1174, #29, .T. ) ;
#2663 = LINE ( 'NONE', #246, #3111 ) ;
#2664 = ORIENTED_EDGE ( 'NONE', *, *, #2444, .F. ) ;
#2665 = CARTESIAN_POINT ( 'NONE',  ( 30.73539397255675709, 13.11398119160416442, 25.46200197002863419 ) ) ;
#2666 = EDGE_CURVE ( 'NONE', #734, #2643, #243, .T. ) ;
#2667 = VECTOR ( 'NONE', #1833, 1000.000000000000000 ) ;
#2668 = CARTESIAN_POINT ( 'NONE',  ( -3.982756142182843462, 0.000000000000000000, -10.02859560527365979 ) ) ;
#2669 = EDGE_LOOP ( 'NONE', ( #2528, #2940, #423, #2882 ) ) ;
#2670 = DIRECTION ( 'NONE',  ( -5.935588108461891454E-16, -8.995404500273531229E-17, -1.000000000000000000 ) ) ;
#2671 = CARTESIAN_POINT ( 'NONE',  ( 19.10491275965090807, 13.11398119160416620, 19.56200197002864627 ) ) ;
#2672 = ORIENTED_EDGE ( 'NONE', *, *, #1608, .F. ) ;
#2673 = AXIS2_PLACEMENT_3D ( 'NONE', #1715, #197, #152 ) ;
#2674 = VERTEX_POINT ( 'NONE', #1295 ) ;
#2675 = ORIENTED_EDGE ( 'NONE', *, *, #3228, .T. ) ;
#2676 = CARTESIAN_POINT ( 'NONE',  ( 30.73539397255676420, 13.11398119160459963, 87.62200197002864854 ) ) ;
#2677 = PLANE ( 'NONE',  #2051 ) ;
#2678 = LINE ( 'NONE', #1682, #3067 ) ;
#2679 = ORIENTED_EDGE ( 'NONE', *, *, #236, .T. ) ;
#2680 = DIRECTION ( 'NONE',  ( 0.000000000000000000, 0.7336731895847673490, -0.6795025024858364349 ) ) ;
#2681 = EDGE_CURVE ( 'NONE', #1724, #1461, #2557, .T. ) ;
#2682 = CARTESIAN_POINT ( 'NONE',  ( -15.26460602744323580, 13.11398119160438291, 75.82655416469711440 ) ) ;
#2683 = AXIS2_PLACEMENT_3D ( 'NONE', #3169, #453, #3136 ) ;
#2684 = ORIENTED_EDGE ( 'NONE', *, *, #1201, .F. ) ;
#2685 = DIRECTION ( 'NONE',  ( 1.000000000000000000, -0.000000000000000000, -0.000000000000000000 ) ) ;
#2686 = EDGE_CURVE ( 'NONE', #2511, #1151, #1410, .T. ) ;
#2687 = AXIS2_PLACEMENT_3D ( 'NONE', #2950, #190, #2246 ) ;
#2688 = CARTESIAN_POINT ( 'NONE',  ( 24.73539397255677841, 15.00000000000000000, 154.9714043947262780 ) ) ;
#2689 = ORIENTED_EDGE ( 'NONE', *, *, #362, .T. ) ;
#2690 = ORIENTED_EDGE ( 'NONE', *, *, #2646, .F. ) ;
#2691 = ORIENTED_EDGE ( 'NONE', *, *, #2686, .F. ) ;
#2692 = DIRECTION ( 'NONE',  ( 0.007585826378017233342, -9.740832703840758857E-17, 0.9999712272051445305 ) ) ;
#2693 = COLOUR_RGB ( '',0.7921568627450980005, 0.8196078431372548767, 0.9333333333333333481 ) ;
#2694 = CARTESIAN_POINT ( 'NONE',  ( 17.00000000000000000, 15.00000000000000000, -2.149999999999997691 ) ) ;
#2695 = ORIENTED_EDGE ( 'NONE', *, *, #175, .T. ) ;
#2696 = FACE_OUTER_BOUND ( 'NONE', #497, .T. ) ;
#2697 = DIRECTION ( 'NONE',  ( 0.000000000000000000, 0.000000000000000000, -1.000000000000000000 ) ) ;
#2698 = CIRCLE ( 'NONE', #1818, 2.249999999993868016 ) ;
#2699 = EDGE_LOOP ( 'NONE', ( #1342, #72, #926, #54 ) ) ;
#2700 = PLANE ( 'NONE',  #1314 ) ;
#2701 = PRODUCT_RELATED_PRODUCT_CATEGORY ( 'part', '', ( #37 ) ) ;
#2702 = DIRECTION ( 'NONE',  ( -1.000000000000000000, -0.000000000000000000, 1.286899466156778151E-16 ) ) ;
#2703 = EDGE_CURVE ( 'NONE', #3135, #264, #2877, .T. ) ;
#2704 = EDGE_LOOP ( 'NONE', ( #132, #894 ) ) ;
#2705 = EDGE_CURVE ( 'NONE', #2594, #2137, #2109, .T. ) ;
#2706 = VERTEX_POINT ( 'NONE', #2408 ) ;
#2707 = EDGE_CURVE ( 'NONE', #2148, #1461, #3110, .T. ) ;
#2708 = EDGE_LOOP ( 'NONE', ( #96, #881, #625, #2479 ) ) ;
#2709 = CARTESIAN_POINT ( 'NONE',  ( 16.73539397255682104, 0.000000000000000000, 181.9714043947262780 ) ) ;
#2710 = ORIENTED_EDGE ( 'NONE', *, *, #1449, .F. ) ;
#2711 = DIRECTION ( 'NONE',  ( 0.000000000000000000, 2.618450529776313049E-15, 1.000000000000000000 ) ) ;
#2712 = DIRECTION ( 'NONE',  ( -1.253583309744921774E-32, -1.000000000000000000, -9.741112982886280969E-17 ) ) ;
#2713 = VERTEX_POINT ( 'NONE', #908 ) ;
#2714 = FACE_OUTER_BOUND ( 'NONE', #670, .T. ) ;
#2715 = CARTESIAN_POINT ( 'NONE',  ( -6.295382433834546987, 1.999999999999977129, 162.9714043947263633 ) ) ;
#2716 = ORIENTED_EDGE ( 'NONE', *, *, #1287, .F. ) ;
#2717 = DIRECTION ( 'NONE',  ( -9.441636357651531491E-17, 0.6795025026914144339, -0.7336731893943680971 ) ) ;
#2718 = AXIS2_PLACEMENT_3D ( 'NONE', #305, #1312, #2035 ) ;
#2719 = CARTESIAN_POINT ( 'NONE',  ( -15.26460602744323403, 13.11398119160459963, 87.62200197002864854 ) ) ;
#2720 = VERTEX_POINT ( 'NONE', #2618 ) ;
#2721 = ORIENTED_EDGE ( 'NONE', *, *, #1705, .T. ) ;
#2722 = ADVANCED_FACE ( 'NONE', ( #2395 ), #1638, .F. ) ;
#2723 = ORIENTED_EDGE ( 'NONE', *, *, #3161, .F. ) ;
#2724 = CARTESIAN_POINT ( 'NONE',  ( -1.474789340246782654, 10.31966511132194064, 22.14999999999999858 ) ) ;
#2725 = ORIENTED_EDGE ( 'NONE', *, *, #2088, .T. ) ;
#2726 = AXIS2_PLACEMENT_3D ( 'NONE', #3138, #2599, #1139 ) ;
#2727 = CARTESIAN_POINT ( 'NONE',  ( 30.73539397255676420, 13.11398119160459963, 81.72200197002865707 ) ) ;
#2728 = FACE_OUTER_BOUND ( 'NONE', #1580, .T. ) ;
#2729 = EDGE_LOOP ( 'NONE', ( #2265, #440, #1982, #89, #3211 ) ) ;
#2730 = CARTESIAN_POINT ( 'NONE',  ( 0.000000000000000000, 0.000000000000000000, 17.85000000000000142 ) ) ;
#2731 = DIRECTION ( 'NONE',  ( 0.000000000000000000, 0.000000000000000000, 1.000000000000000000 ) ) ;
#2732 = CARTESIAN_POINT ( 'NONE',  ( 8.420984155169891849, 1.000000000000000000, 138.6569945773395602 ) ) ;
#2733 = VECTOR ( 'NONE', #1806, 1000.000000000000000 ) ;
#2734 = LINE ( 'NONE', #1129, #1909 ) ;
#2735 = AXIS2_PLACEMENT_3D ( 'NONE', #1184, #1137, #656 ) ;
#2736 = CIRCLE ( 'NONE', #849, 2.149999999999999023 ) ;
#2737 = EDGE_LOOP ( 'NONE', ( #313, #2212, #562, #618 ) ) ;
#2738 = CARTESIAN_POINT ( 'NONE',  ( 0.000000000000000000, 15.00000000000000000, -2.149999999999999911 ) ) ;
#2739 = CARTESIAN_POINT ( 'NONE',  ( 5.932957044253064360, 3.499999999999132250, 10.65786812002865425 ) ) ;
#2740 = ORIENTED_EDGE ( 'NONE', *, *, #2241, .T. ) ;
#2741 = DIRECTION ( 'NONE',  ( -1.286899466156778151E-16, 2.796782450658367152E-15, -1.000000000000000000 ) ) ;
#2742 = AXIS2_PLACEMENT_3D ( 'NONE', #457, #1268, #19 ) ;
#2743 = VECTOR ( 'NONE', #1866, 1000.000000000000000 ) ;
#2744 = CARTESIAN_POINT ( 'NONE',  ( 16.73539397255682104, 15.00000000000000000, 189.9714043947262780 ) ) ;
#2745 = AXIS2_PLACEMENT_3D ( 'NONE', #272, #1277, #2506 ) ;
#2746 = VERTEX_POINT ( 'NONE', #106 ) ;
#2747 = CARTESIAN_POINT ( 'NONE',  ( 30.73539397255675709, 13.11398119160416620, 19.56200197002864627 ) ) ;
#2748 = EDGE_CURVE ( 'NONE', #2607, #961, #435, .T. ) ;
#2749 = EDGE_CURVE ( 'NONE', #372, #1854, #3158, .T. ) ;
#2750 = CARTESIAN_POINT ( 'NONE',  ( 22.18116645720600744, 10.26872723921854558, 152.4171768793755462 ) ) ;
#2751 = LINE ( 'NONE', #1294, #816 ) ;
#2752 = CARTESIAN_POINT ( 'NONE',  ( 7.525634833701304593, 15.00000000000000000, 179.9714043947263065 ) ) ;
#2753 = ADVANCED_FACE ( 'NONE', ( #859 ), #2127, .F. ) ;
#2754 = CARTESIAN_POINT ( 'NONE',  ( 8.420984155169882968, 29.81343563605288693, 124.9373074904942342 ) ) ;
#2755 = DIRECTION ( 'NONE',  ( -1.000000000000000000, -0.000000000000000000, 1.286899466156778151E-16 ) ) ;
#2756 = ORIENTED_EDGE ( 'NONE', *, *, #1567, .F. ) ;
#2757 = LINE ( 'NONE', #506, #1272 ) ;
#2758 = LINE ( 'NONE', #1481, #2248 ) ;
#2759 = ORIENTED_EDGE ( 'NONE', *, *, #2943, .F. ) ;
#2760 = DIRECTION ( 'NONE',  ( -3.259316603504852690E-31, 1.000000000000000000, -2.532689374126900046E-15 ) ) ;
#2761 = LINE ( 'NONE', #1022, #2096 ) ;
#2762 = ORIENTED_EDGE ( 'NONE', *, *, #1322, .T. ) ;
#2763 = CARTESIAN_POINT ( 'NONE',  ( 7.525634833701304593, 11.40506787167026204, 167.2214043947202242 ) ) ;
#2764 = ADVANCED_FACE ( 'NONE', ( #401 ), #1619, .F. ) ;
#2765 = LINE ( 'NONE', #1539, #956 ) ;
#2766 = FACE_OUTER_BOUND ( 'NONE', #799, .T. ) ;
#2767 = CARTESIAN_POINT ( 'NONE',  ( 7.525634833701304593, 11.40506787167026204, 167.2214043947202242 ) ) ;
#2768 = CARTESIAN_POINT ( 'NONE',  ( 30.73539397255675709, 13.11398119160416620, 44.74655416469711611 ) ) ;
#2769 = CARTESIAN_POINT ( 'NONE',  ( -15.26460602744324646, 15.00000000000000000, 1.253254279986792952 ) ) ;
#2770 = DIRECTION ( 'NONE',  ( 0.005154667842341218408, 0.7336634422609892292, 0.6794934752366584840 ) ) ;
#2771 = ORIENTED_EDGE ( 'NONE', *, *, #1686, .T. ) ;
#2772 = CARTESIAN_POINT ( 'NONE',  ( 8.420984155169835006, 13.11398119160416620, 42.21183419698265737 ) ) ;
#2773 = LINE ( 'NONE', #86, #1940 ) ;
#2774 = ORIENTED_EDGE ( 'NONE', *, *, #1405, .F. ) ;
#2775 = DIRECTION ( 'NONE',  ( 0.000000000000000000, 0.000000000000000000, -1.000000000000000000 ) ) ;
#2776 = LINE ( 'NONE', #1238, #107 ) ;
#2777 = VERTEX_POINT ( 'NONE', #141 ) ;
#2778 = CARTESIAN_POINT ( 'NONE',  ( -5.264606027443223368, 1.999999999999497069, 164.9714043947263065 ) ) ;
#2779 = AXIS2_PLACEMENT_3D ( 'NONE', #933, #2712, #905 ) ;
#2780 = VECTOR ( 'NONE', #1050, 1000.000000000000000 ) ;
#2781 = EDGE_CURVE ( 'NONE', #1204, #540, #2359, .T. ) ;
#2782 = LINE ( 'NONE', #1057, #1227 ) ;
#2783 = FACE_BOUND ( 'NONE', #2888, .T. ) ;
#2784 = CARTESIAN_POINT ( 'NONE',  ( 30.73539397255676064, 13.11398119160438291, 50.64200197002863746 ) ) ;
#2785 = LINE ( 'NONE', #290, #3190 ) ;
#2786 = PLANE ( 'NONE',  #2160 ) ;
#2787 = EDGE_CURVE ( 'NONE', #589, #587, #1142, .T. ) ;
#2788 = ORIENTED_EDGE ( 'NONE', *, *, #1968, .F. ) ;
#2789 = EDGE_CURVE ( 'NONE', #2643, #1353, #1336, .T. ) ;
#2790 = CARTESIAN_POINT ( 'NONE',  ( 8.420984155169890073, 3.499999999999998668, 134.9778681200286599 ) ) ;
#2791 = DIRECTION ( 'NONE',  ( 0.000000000000000000, 1.000000000000000000, 0.000000000000000000 ) ) ;
#2792 = ORIENTED_EDGE ( 'NONE', *, *, #2129, .F. ) ;
#2793 = CARTESIAN_POINT ( 'NONE',  ( -15.26460602744323936, 1.000000000000000000, 42.21183419698265027 ) ) ;
#2794 = ORIENTED_EDGE ( 'NONE', *, *, #1185, .F. ) ;
#2795 = LINE ( 'NONE', #512, #2564 ) ;
#2796 =( BOUNDED_CURVE ( )  B_SPLINE_CURVE ( 3, ( #1973, #1726, #2724, #1548 ),
 .UNSPECIFIED., .F., .F. ) 
 B_SPLINE_CURVE_WITH_KNOTS ( ( 4, 4 ),
 ( 4.507232854750618856, 6.283185307179586232 ),
 .UNSPECIFIED. ) 
 CURVE ( )  GEOMETRIC_REPRESENTATION_ITEM ( )  RATIONAL_B_SPLINE_CURVE ( ( 1.000000000000000000, 0.7539889026692178087, 0.7539889026692178087, 1.000000000000000000 ) ) 
 REPRESENTATION_ITEM ( '' )  );
#2797 = CARTESIAN_POINT ( 'NONE',  ( 8.420984155169842111, 13.11398119160438291, 50.64200197002863746 ) ) ;
#2798 = CARTESIAN_POINT ( 'NONE',  ( 30.73539397255677486, 1.999999999999977573, 162.9714043947263633 ) ) ;
#2799 = LINE ( 'NONE', #2297, #1176 ) ;
#2800 = VECTOR ( 'NONE', #1751, 1000.000000000000000 ) ;
#2801 = AXIS2_PLACEMENT_3D ( 'NONE', #480, #1486, #170 ) ;
#2802 = VECTOR ( 'NONE', #769, 1000.000000000000000 ) ;
#2803 = FACE_BOUND ( 'NONE', #2108, .T. ) ;
#2804 = CARTESIAN_POINT ( 'NONE',  ( 30.73539397255676064, 13.11398119160438291, 50.64200197002863746 ) ) ;
#2805 = EDGE_CURVE ( 'NONE', #98, #945, #2343, .T. ) ;
#2806 = EDGE_LOOP ( 'NONE', ( #1413, #474, #3044 ) ) ;
#2807 = DIRECTION ( 'NONE',  ( 0.000000000000000000, 1.636531581110195656E-16, -1.000000000000000000 ) ) ;
#2808 = ORIENTED_EDGE ( 'NONE', *, *, #1807, .T. ) ;
#2809 = EDGE_CURVE ( 'NONE', #2255, #2972, #2862, .T. ) ;
#2810 = VECTOR ( 'NONE', #1506, 1000.000000000000000 ) ;
#2811 = DIRECTION ( 'NONE',  ( -0.000000000000000000, -1.000000000000000000, -0.000000000000000000 ) ) ;
#2812 = VERTEX_POINT ( 'NONE', #1090 ) ;
#2813 = LINE ( 'NONE', #561, #50 ) ;
#2814 = VERTEX_POINT ( 'NONE', #1897 ) ;
#2815 = DIRECTION ( 'NONE',  ( 0.5620286095831803497, -0.6068341486930352024, 0.5620286095831743545 ) ) ;
#2816 = DIRECTION ( 'NONE',  ( -0.000000000000000000, -0.7336731895847693474, 0.6795025024858341034 ) ) ;
#2817 = DIRECTION ( 'NONE',  ( -9.441636357651506839E-17, 0.6795025026914167654, -0.7336731893943658767 ) ) ;
#2818 = DIRECTION ( 'NONE',  ( 0.7071067811865491270, -0.000000000000000000, 0.7071067811865459074 ) ) ;
#2819 = CARTESIAN_POINT ( 'NONE',  ( 8.420984155169891849, 7.472430464095486613, 138.6569945773395602 ) ) ;
#2820 = VERTEX_POINT ( 'NONE', #599 ) ;
#2821 = EDGE_CURVE ( 'NONE', #1423, #1889, #2895, .T. ) ;
#2822 = CARTESIAN_POINT ( 'NONE',  ( -15.26460602744322159, 15.00000000000000000, 189.9714043947263065 ) ) ;
#2823 = ORIENTED_EDGE ( 'NONE', *, *, #1245, .T. ) ;
#2824 = VECTOR ( 'NONE', #2816, 1000.000000000000227 ) ;
#2825 = FACE_OUTER_BOUND ( 'NONE', #2365, .T. ) ;
#2826 = ORIENTED_EDGE ( 'NONE', *, *, #2391, .T. ) ;
#2827 = FACE_OUTER_BOUND ( 'NONE', #1757, .T. ) ;
#2828 = ADVANCED_FACE ( 'NONE', ( #1375 ), #350, .F. ) ;
#2829 = DIRECTION ( 'NONE',  ( 0.5677648664912315901, 0.6039530034619546850, -0.5593601934241282381 ) ) ;
#2830 = DIRECTION ( 'NONE',  ( 0.000000000000000000, 1.000000000000000000, 0.000000000000000000 ) ) ;
#2831 = CARTESIAN_POINT ( 'NONE',  ( 17.00000000000000000, 10.31966511132193887, 22.14999999999999858 ) ) ;
#2832 = DIRECTION ( 'NONE',  ( 0.000000000000000000, -0.000000000000000000, 1.000000000000000000 ) ) ;
#2833 = CARTESIAN_POINT ( 'NONE',  ( 8.420984155169881191, 3.499999999999782840, 121.7061358150238988 ) ) ;
#2834 = CARTESIAN_POINT ( 'NONE',  ( 7.525634833701304593, 15.00000000000000000, 177.7214043947324171 ) ) ;
#2835 = EDGE_LOOP ( 'NONE', ( #2483, #3247, #2915, #2126 ) ) ;
#2836 = CARTESIAN_POINT ( 'NONE',  ( 30.73539397255675709, 13.11398119160503306, 13.66200197002864591 ) ) ;
#2837 = ORIENTED_EDGE ( 'NONE', *, *, #43, .F. ) ;
#2838 = VECTOR ( 'NONE', #1180, 1000.000000000000000 ) ;
#2839 = ORIENTED_EDGE ( 'NONE', *, *, #446, .F. ) ;
#2840 = DIRECTION ( 'NONE',  ( -5.935588108461890468E-16, -0.000000000000000000, -1.000000000000000000 ) ) ;
#2841 = ORIENTED_EDGE ( 'NONE', *, *, #3036, .F. ) ;
#2842 = FACE_BOUND ( 'NONE', #820, .T. ) ;
#2843 = AXIS2_PLACEMENT_3D ( 'NONE', #1855, #1612, #2593 ) ;
#2844 = CARTESIAN_POINT ( 'NONE',  ( 8.500000000000000000, 12.02130131171725225, 12.65000000000000036 ) ) ;
#2845 = ORIENTED_EDGE ( 'NONE', *, *, #2905, .F. ) ;
#2846 = CARTESIAN_POINT ( 'NONE',  ( -15.26460602744322159, 0.000000000000000000, 189.9714043947263065 ) ) ;
#2847 = ADVANCED_FACE ( 'NONE', ( #3205 ), #935, .F. ) ;
#2848 = ADVANCED_FACE ( 'NONE', ( #429, #677, #692, #924, #2992, #3189 ), #742, .F. ) ;
#2849 = VECTOR ( 'NONE', #383, 1000.000000000000000 ) ;
#2850 = CARTESIAN_POINT ( 'NONE',  ( 30.73539397255675354, 13.11398119160500997, 4.757868120028704517 ) ) ;
#2851 = VECTOR ( 'NONE', #2491, 1000.000000000000000 ) ;
#2852 = DIRECTION ( 'NONE',  ( -0.000000000000000000, -1.000000000000000000, -0.000000000000000000 ) ) ;
#2853 = EDGE_LOOP ( 'NONE', ( #528, #1485, #1409 ) ) ;
#2854 = DIRECTION ( 'NONE',  ( 0.000000000000000000, -0.000000000000000000, 1.000000000000000000 ) ) ;
#2855 = VERTEX_POINT ( 'NONE', #1188 ) ;
#2856 = DIRECTION ( 'NONE',  ( 0.000000000000000000, 0.000000000000000000, -1.000000000000000000 ) ) ;
#2857 = VERTEX_POINT ( 'NONE', #2976 ) ;
#2858 = MANIFOLD_SOLID_BREP ( 'Cut-Extrude5', #1651 ) ;
#2859 = CARTESIAN_POINT ( 'NONE',  ( 7.525634833701304593, 13.11398119160503484, 164.9714043947263065 ) ) ;
#2860 = CARTESIAN_POINT ( 'NONE',  ( 17.00000000000000000, 10.31966511132193887, 22.14999999999999858 ) ) ;
#2861 = EDGE_LOOP ( 'NONE', ( #2894, #2154, #392, #2090, #2057, #490 ) ) ;
#2862 = LINE ( 'NONE', #890, #75 ) ;
#2863 = EDGE_CURVE ( 'NONE', #179, #1367, #711, .T. ) ;
#2864 = DIRECTION ( 'NONE',  ( 0.5677648666076348105, -0.6039530032463135134, -0.5593601935388085034 ) ) ;
#2865 = DIRECTION ( 'NONE',  ( 0.000000000000000000, 0.000000000000000000, 1.000000000000000000 ) ) ;
#2866 = ORIENTED_EDGE ( 'NONE', *, *, #1902, .T. ) ;
#2867 = CARTESIAN_POINT ( 'NONE',  ( 30.73539397255677130, 3.499999999999999112, 152.7861358150238971 ) ) ;
#2868 = VERTEX_POINT ( 'NONE', #1930 ) ;
#2869 = ORIENTED_EDGE ( 'NONE', *, *, #2224, .F. ) ;
#2870 = ORIENTED_EDGE ( 'NONE', *, *, #3106, .F. ) ;
#2871 = ORIENTED_EDGE ( 'NONE', *, *, #798, .T. ) ;
#2872 = DIRECTION ( 'NONE',  ( 0.000000000000000000, 0.000000000000000000, -1.000000000000000000 ) ) ;
#2873 = VECTOR ( 'NONE', #1064, 1000.000000000000000 ) ;
#2874 = CARTESIAN_POINT ( 'NONE',  ( 0.000000000000000000, 15.00000000000000000, 0.000000000000000000 ) ) ;
#2875 = LINE ( 'NONE', #91, #2824 ) ;
#2876 = ORIENTED_EDGE ( 'NONE', *, *, #351, .T. ) ;
#2877 = LINE ( 'NONE', #630, #2439 ) ;
#2878 = EDGE_CURVE ( 'NONE', #3162, #18, #3174, .T. ) ;
#2879 = DIRECTION ( 'NONE',  ( 0.000000000000000000, 1.000000000000000000, 0.000000000000000000 ) ) ;
#2880 = AXIS2_PLACEMENT_3D ( 'NONE', #90, #2140, #1356 ) ;
#2881 = CARTESIAN_POINT ( 'NONE',  ( 7.525634833701304593, 15.00000000000000000, 167.2214043947202242 ) ) ;
#2882 = ORIENTED_EDGE ( 'NONE', *, *, #2986, .F. ) ;
#2883 = DIRECTION ( 'NONE',  ( 0.000000000000000000, 0.000000000000000000, -1.000000000000000000 ) ) ;
#2884 = ORIENTED_EDGE ( 'NONE', *, *, #3203, .F. ) ;
#2885 = EDGE_CURVE ( 'NONE', #1147, #467, #1122, .T. ) ;
#2886 = VERTEX_POINT ( 'NONE', #2730 ) ;
#2887 = ADVANCED_FACE ( 'NONE', ( #1222 ), #2177, .F. ) ;
#2888 = EDGE_LOOP ( 'NONE', ( #1213, #3058, #1281 ) ) ;
#2889 = CARTESIAN_POINT ( 'NONE',  ( -5.264606027443223368, 15.00000000000000000, 167.2214043947202242 ) ) ;
#2890 = AXIS2_PLACEMENT_3D ( 'NONE', #667, #1675, #420 ) ;
#2891 = VECTOR ( 'NONE', #395, 1000.000000000000000 ) ;
#2892 = CARTESIAN_POINT ( 'NONE',  ( 8.902071814904536140, 3.499999999999348077, 41.73786812002865076 ) ) ;
#2893 = LINE ( 'NONE', #2423, #1121 ) ;
#2894 = ORIENTED_EDGE ( 'NONE', *, *, #2354, .F. ) ;
#2895 = LINE ( 'NONE', #2651, #2385 ) ;
#2896 = DIRECTION ( 'NONE',  ( 1.226077854277952643E-16, 0.6795025024858366569, 0.7336731895847671270 ) ) ;
#2897 = DIRECTION ( 'NONE',  ( -0.000000000000000000, -1.000000000000000000, -0.000000000000000000 ) ) ;
#2898 = VECTOR ( 'NONE', #634, 1000.000000000000000 ) ;
#2899 = LINE ( 'NONE', #1691, #311 ) ;
#2900 = CIRCLE ( 'NONE', #2745, 2.649999999999999467 ) ;
#2901 = LINE ( 'NONE', #2149, #3003 ) ;
#2902 = ORIENTED_EDGE ( 'NONE', *, *, #720, .F. ) ;
#2903 = ORIENTED_EDGE ( 'NONE', *, *, #178, .F. ) ;
#2904 = ADVANCED_FACE ( 'NONE', ( #2714 ), #460, .F. ) ;
#2905 = EDGE_CURVE ( 'NONE', #1896, #2213, #985, .T. ) ;
#2906 = ORIENTED_EDGE ( 'NONE', *, *, #1405, .T. ) ;
#2907 = AXIS2_PLACEMENT_3D ( 'NONE', #2850, #664, #843 ) ;
#2908 = FACE_OUTER_BOUND ( 'NONE', #3146, .T. ) ;
#2909 = ADVANCED_FACE ( 'NONE', ( #2696 ), #444, .F. ) ;
#2910 = LINE ( 'NONE', #2175, #631 ) ;
#2911 = DIRECTION ( 'NONE',  ( -0.000000000000000000, -1.000000000000000000, -0.000000000000000000 ) ) ;
#2912 = ORIENTED_EDGE ( 'NONE', *, *, #2920, .T. ) ;
#2913 = DIRECTION ( 'NONE',  ( -1.157618124926629134E-32, 1.000000000000000000, -8.995404500273533695E-17 ) ) ;
#2914 = LINE ( 'NONE', #2668, #127 ) ;
#2915 = ORIENTED_EDGE ( 'NONE', *, *, #1061, .F. ) ;
#2916 = DIRECTION ( 'NONE',  ( 9.441636360101806185E-17, 0.6795025024858341034, 0.7336731895847694584 ) ) ;
#2917 = CARTESIAN_POINT ( 'NONE',  ( -15.26460602744322870, 0.000000000000000000, 138.6569945773395602 ) ) ;
#2918 = ORIENTED_EDGE ( 'NONE', *, *, #898, .F. ) ;
#2919 = ORIENTED_EDGE ( 'NONE', *, *, #3071, .T. ) ;
#2920 = EDGE_CURVE ( 'NONE', #1482, #2972, #2795, .T. ) ;
#2921 = ORIENTED_EDGE ( 'NONE', *, *, #876, .T. ) ;
#2922 = PLANE ( 'NONE',  #1328 ) ;
#2923 = CARTESIAN_POINT ( 'NONE',  ( -2.104912759650912069, 13.11398119160416620, 19.56200197002864982 ) ) ;
#2924 = CARTESIAN_POINT ( 'NONE',  ( 12.02563483368913211, 7.237324924829607653, 162.7214043947323603 ) ) ;
#2925 = ORIENTED_EDGE ( 'NONE', *, *, #2470, .T. ) ;
#2926 = DIRECTION ( 'NONE',  ( 0.000000000000000000, 0.000000000000000000, 1.000000000000000000 ) ) ;
#2927 = EDGE_CURVE ( 'NONE', #467, #1147, #2306, .T. ) ;
#2928 = AXIS2_PLACEMENT_3D ( 'NONE', #78, #2830, #1864 ) ;
#2929 = LINE ( 'NONE', #1455, #2851 ) ;
#2930 = ORIENTED_EDGE ( 'NONE', *, *, #2554, .T. ) ;
#2931 = CARTESIAN_POINT ( 'NONE',  ( -15.26460602744323225, 13.11398119160459963, 106.9065541646971269 ) ) ;
#2932 = DIRECTION ( 'NONE',  ( -0.000000000000000000, -1.000000000000000000, -2.796782450658367152E-15 ) ) ;
#2933 = ORIENTED_EDGE ( 'NONE', *, *, #2705, .T. ) ;
#2934 = AXIS2_PLACEMENT_3D ( 'NONE', #740, #1516, #22 ) ;
#2935 = VECTOR ( 'NONE', #1032, 1000.000000000000114 ) ;
#2936 = ORIENTED_EDGE ( 'NONE', *, *, #1097, .T. ) ;
#2937 = VERTEX_POINT ( 'NONE', #2324 ) ;
#2938 = CARTESIAN_POINT ( 'NONE',  ( -3.982756142182843462, 15.00000000000000000, -10.02859560527365979 ) ) ;
#2939 = FACE_OUTER_BOUND ( 'NONE', #1739, .T. ) ;
#2940 = ORIENTED_EDGE ( 'NONE', *, *, #339, .T. ) ;
#2941 = DIRECTION ( 'NONE',  ( 0.000000000000000000, 1.000000000000000000, 0.000000000000000000 ) ) ;
#2942 = EDGE_CURVE ( 'NONE', #1353, #2464, #1779, .T. ) ;
#2943 = EDGE_CURVE ( 'NONE', #2937, #2613, #73, .T. ) ;
#2944 = EDGE_CURVE ( 'NONE', #2216, #1301, #287, .T. ) ;
#2945 = CARTESIAN_POINT ( 'NONE',  ( -15.26460602744323936, 3.499999999999348077, 59.54613581502389508 ) ) ;
#2946 = VECTOR ( 'NONE', #3043, 1000.000000000000000 ) ;
#2947 = EDGE_CURVE ( 'NONE', #923, #3230, #2060, .T. ) ;
#2948 = EDGE_LOOP ( 'NONE', ( #1932, #1874, #2624 ) ) ;
#2949 = CARTESIAN_POINT ( 'NONE',  ( 8.420984155169891849, 13.11398119160438824, 138.6569945773395602 ) ) ;
#2950 = CARTESIAN_POINT ( 'NONE',  ( 30.73539397255676775, 13.11398119160459963, 106.9065541646971269 ) ) ;
#2951 = ORIENTED_EDGE ( 'NONE', *, *, #574, .F. ) ;
#2952 = ORIENTED_EDGE ( 'NONE', *, *, #1379, .F. ) ;
#2953 = ORIENTED_EDGE ( 'NONE', *, *, #13, .T. ) ;
#2954 = FACE_OUTER_BOUND ( 'NONE', #1010, .T. ) ;
#2955 = VECTOR ( 'NONE', #2014, 1000.000000000000000 ) ;
#2956 = AXIS2_PLACEMENT_3D ( 'NONE', #1733, #2941, #2926 ) ;
#2957 = ORIENTED_EDGE ( 'NONE', *, *, #917, .T. ) ;
#2958 = FACE_OUTER_BOUND ( 'NONE', #609, .T. ) ;
#2959 = AXIS2_PLACEMENT_3D ( 'NONE', #2360, #2603, #1868 ) ;
#2960 = DIRECTION ( 'NONE',  ( 0.6949681509768282917, 0.000000000000000000, 0.7190405198094529382 ) ) ;
#2961 = ORIENTED_EDGE ( 'NONE', *, *, #1153, .F. ) ;
#2962 = DIRECTION ( 'NONE',  ( 0.000000000000000000, 0.000000000000000000, -1.000000000000000000 ) ) ;
#2963 = ADVANCED_FACE ( 'NONE', ( #2078 ), #40, .F. ) ;
#2964 = CIRCLE ( 'NONE', #2233, 2.249999999993923527 ) ;
#2965 = ORIENTED_EDGE ( 'NONE', *, *, #142, .T. ) ;
#2966 = CARTESIAN_POINT ( 'NONE',  ( -15.26460602744322870, 15.00000000000000000, 138.6569945773395602 ) ) ;
#2967 = DIRECTION ( 'NONE',  ( -1.253583309744921774E-32, -1.000000000000000000, -9.741112982886280969E-17 ) ) ;
#2968 = ORIENTED_EDGE ( 'NONE', *, *, #3246, .F. ) ;
#2969 = ORIENTED_EDGE ( 'NONE', *, *, #930, .F. ) ;
#2970 = EDGE_LOOP ( 'NONE', ( #3231, #2912, #1611, #2448 ) ) ;
#2971 = CARTESIAN_POINT ( 'NONE',  ( 17.00000000000000000, 15.00000000000000000, 2.149999999999997691 ) ) ;
#2972 = VERTEX_POINT ( 'NONE', #3045 ) ;
#2973 = CARTESIAN_POINT ( 'NONE',  ( 30.73539397255675354, 13.11398119160500997, 4.757868120028704517 ) ) ;
#2974 = CARTESIAN_POINT ( 'NONE',  ( -15.26460602744322692, 13.11398119160503306, 149.7820019700285741 ) ) ;
#2975 = EDGE_LOOP ( 'NONE', ( #852, #3199, #1720, #1848, #2759, #241, #3168 ) ) ;
#2976 = CARTESIAN_POINT ( 'NONE',  ( 0.000000000000000000, 3.499999999999130473, 17.85000000000000142 ) ) ;
#2977 = DIRECTION ( 'NONE',  ( 0.000000000000000000, -0.7336731893943659877, -0.6795025026914168764 ) ) ;
#2978 = CARTESIAN_POINT ( 'NONE',  ( -5.264606027443223368, 0.000000000000000000, 162.7214043947323603 ) ) ;
#2979 = ORIENTED_EDGE ( 'NONE', *, *, #282, .T. ) ;
#2980 = AXIS2_PLACEMENT_3D ( 'NONE', #338, #780, #1527 ) ;
#2981 = LINE ( 'NONE', #1934, #1852 ) ;
#2982 = VERTEX_POINT ( 'NONE', #1781 ) ;
#2983 = VERTEX_POINT ( 'NONE', #1003 ) ;
#2984 = CARTESIAN_POINT ( 'NONE',  ( 30.73539397255676064, 3.499999999999348077, 59.54613581502388797 ) ) ;
#2985 = LINE ( 'NONE', #412, #1674 ) ;
#2986 = EDGE_CURVE ( 'NONE', #2059, #865, #2813, .T. ) ;
#2987 = ORIENTED_EDGE ( 'NONE', *, *, #1747, .F. ) ;
#2988 = ADVANCED_FACE ( 'NONE', ( #1271 ), #1765, .F. ) ;
#2989 = DIRECTION ( 'NONE',  ( -1.000000000000000000, -0.000000000000000000, 1.286899466156778151E-16 ) ) ;
#2990 = CARTESIAN_POINT ( 'NONE',  ( -15.26460602744323403, 3.499999999999559019, 96.52613581502389195 ) ) ;
#2991 = ORIENTED_EDGE ( 'NONE', *, *, #2009, .T. ) ;
#2992 = FACE_BOUND ( 'NONE', #1886, .T. ) ;
#2993 = EDGE_CURVE ( 'NONE', #2337, #2626, #2614, .T. ) ;
#2994 = EDGE_CURVE ( 'NONE', #2594, #1371, #2592, .T. ) ;
#2995 = CARTESIAN_POINT ( 'NONE',  ( -15.26460602744323936, 13.11398119160438291, 50.64200197002864456 ) ) ;
#2996 = DIRECTION ( 'NONE',  ( 0.000000000000000000, 0.6795025024858365459, 0.7336731895847671270 ) ) ;
#2997 = CARTESIAN_POINT ( 'NONE',  ( -15.26460602744322692, 13.11398119160503306, 149.7820019700285741 ) ) ;
#2998 = AXIS2_PLACEMENT_3D ( 'NONE', #275, #1046, #258 ) ;
#2999 = CARTESIAN_POINT ( 'NONE',  ( 30.73539397255675709, 13.11398119160503306, 13.66200197002864591 ) ) ;
#3000 = DIRECTION ( 'NONE',  ( 0.000000000000000000, 0.000000000000000000, 1.000000000000000000 ) ) ;
#3001 = AXIS2_PLACEMENT_3D ( 'NONE', #1828, #1085, #2089 ) ;
#3002 = DIRECTION ( 'NONE',  ( 0.000000000000000000, 0.7336731893943659877, 0.6795025026914168764 ) ) ;
#3003 = VECTOR ( 'NONE', #1114, 1000.000000000000114 ) ;
#3004 = ORIENTED_EDGE ( 'NONE', *, *, #2196, .F. ) ;
#3005 = FACE_OUTER_BOUND ( 'NONE', #2656, .T. ) ;
#3006 = FACE_OUTER_BOUND ( 'NONE', #115, .T. ) ;
#3007 = VECTOR ( 'NONE', #1200, 999.9999999999998863 ) ;
#3008 = ORIENTED_EDGE ( 'NONE', *, *, #320, .T. ) ;
#3009 = EDGE_CURVE ( 'NONE', #2122, #2170, #2028, .T. ) ;
#3010 = DIRECTION ( 'NONE',  ( -0.000000000000000000, -1.000000000000000000, -0.000000000000000000 ) ) ;
#3011 = VECTOR ( 'NONE', #581, 1000.000000000000000 ) ;
#3012 = CARTESIAN_POINT ( 'NONE',  ( 24.73539397255677841, 0.000000000000000000, 154.9714043947262780 ) ) ;
#3013 = ADVANCED_FACE ( 'NONE', ( #300 ), #760, .F. ) ;
#3014 = ORIENTED_EDGE ( 'NONE', *, *, #2030, .F. ) ;
#3015 = DIRECTION ( 'NONE',  ( 0.000000000000000000, 0.000000000000000000, 1.000000000000000000 ) ) ;
#3016 = DIRECTION ( 'NONE',  ( -0.000000000000000000, 0.7336731895847694584, -0.6795025024858341034 ) ) ;
#3017 = CARTESIAN_POINT ( 'NONE',  ( -15.26460602744323225, 13.11398119160481812, 112.8020019700286554 ) ) ;
#3018 = FACE_OUTER_BOUND ( 'NONE', #1826, .T. ) ;
#3019 = LINE ( 'NONE', #1244, #1808 ) ;
#3020 = CARTESIAN_POINT ( 'NONE',  ( 17.00000000000000000, 15.00000000000000000, 17.85000000000000142 ) ) ;
#3021 = ORIENTED_EDGE ( 'NONE', *, *, #2241, .F. ) ;
#3022 = DIRECTION ( 'NONE',  ( -1.000000000000000000, -0.000000000000000000, 1.286899466156778151E-16 ) ) ;
#3023 = DIRECTION ( 'NONE',  ( -1.000000000000000000, -0.000000000000000000, 1.286899466156778151E-16 ) ) ;
#3024 = VERTEX_POINT ( 'NONE', #1055 ) ;
#3025 = ADVANCED_FACE ( 'NONE', ( #3061 ), #824, .F. ) ;
#3026 = DIRECTION ( 'NONE',  ( -0.000000000000000000, -1.000000000000000000, -0.000000000000000000 ) ) ;
#3027 = CARTESIAN_POINT ( 'NONE',  ( -15.26460602744322870, 13.99999999999999822, 138.6569945773395602 ) ) ;
#3028 = ORIENTED_EDGE ( 'NONE', *, *, #2927, .F. ) ;
#3029 = DIRECTION ( 'NONE',  ( 0.000000000000000000, 9.741112982886280969E-17, -1.000000000000000000 ) ) ;
#3030 = FACE_OUTER_BOUND ( 'NONE', #1212, .T. ) ;
#3031 = DIRECTION ( 'NONE',  ( -8.744514077012183088E-17, 0.7336731895847672380, -0.6795025024858366569 ) ) ;
#3032 = DIRECTION ( 'NONE',  ( -1.000000000000000000, 0.000000000000000000, 0.000000000000000000 ) ) ;
#3033 = EDGE_CURVE ( 'NONE', #2814, #2437, #1321, .T. ) ;
#3034 = PLANE ( 'NONE',  #1465 ) ;
#3035 = DIRECTION ( 'NONE',  ( -0.007585826378017233342, -2.532616501575105910E-15, -0.9999712272051445305 ) ) ;
#3036 = EDGE_CURVE ( 'NONE', #1231, #1628, #1020, .T. ) ;
#3037 = AXIS2_PLACEMENT_3D ( 'NONE', #1304, #2308, #57 ) ;
#3038 = ORIENTED_EDGE ( 'NONE', *, *, #415, .F. ) ;
#3039 = DIRECTION ( 'NONE',  ( -0.000000000000000000, -1.000000000000000000, -0.000000000000000000 ) ) ;
#3040 = CARTESIAN_POINT ( 'NONE',  ( 8.500000000000000000, 15.00000000000000000, 12.65000000000000036 ) ) ;
#3041 = VERTEX_POINT ( 'NONE', #2502 ) ;
#3042 = LINE ( 'NONE', #1853, #74 ) ;
#3043 = DIRECTION ( 'NONE',  ( -0.000000000000000000, -1.000000000000000000, -0.000000000000000000 ) ) ;
#3044 = ORIENTED_EDGE ( 'NONE', *, *, #2878, .T. ) ;
#3045 = CARTESIAN_POINT ( 'NONE',  ( -15.26460602744323047, 13.11398119160481635, 118.7020019700286468 ) ) ;
#3046 = AXIS2_PLACEMENT_3D ( 'NONE', #2874, #1087, #334 ) ;
#3047 = VECTOR ( 'NONE', #585, 1000.000000000000000 ) ;
#3048 = FACE_BOUND ( 'NONE', #2948, .T. ) ;
#3049 = CARTESIAN_POINT ( 'NONE',  ( -5.264606027443180736, 15.00000000000000000, 179.9714043947262780 ) ) ;
#3050 = CARTESIAN_POINT ( 'NONE',  ( -5.264606027443223368, 15.00000000000000000, 164.9714043947263065 ) ) ;
#3051 = EDGE_CURVE ( 'NONE', #2474, #655, #1360, .T. ) ;
#3052 = DIRECTION ( 'NONE',  ( 0.000000000000000000, -0.000000000000000000, 1.000000000000000000 ) ) ;
#3053 = LINE ( 'NONE', #797, #2733 ) ;
#3054 = ADVANCED_FACE ( 'NONE', ( #2827 ), #2541, .F. ) ;
#3055 = VECTOR ( 'NONE', #591, 1000.000000000000114 ) ;
#3056 = ORIENTED_EDGE ( 'NONE', *, *, #123, .F. ) ;
#3057 = CARTESIAN_POINT ( 'NONE',  ( 8.420984155169891849, 0.000000000000000000, 138.6569945773395602 ) ) ;
#3058 = ORIENTED_EDGE ( 'NONE', *, *, #904, .T. ) ;
#3059 = DIRECTION ( 'NONE',  ( -0.000000000000000000, -1.000000000000000000, -0.000000000000000000 ) ) ;
#3060 = ORIENTED_EDGE ( 'NONE', *, *, #1105, .F. ) ;
#3061 = FACE_OUTER_BOUND ( 'NONE', #868, .T. ) ;
#3062 = ORIENTED_EDGE ( 'NONE', *, *, #2821, .F. ) ;
#3063 = VECTOR ( 'NONE', #1975, 1000.000000000000000 ) ;
#3064 = PLANE ( 'NONE',  #1809 ) ;
#3065 = FACE_OUTER_BOUND ( 'NONE', #1401, .T. ) ;
#3066 = CARTESIAN_POINT ( 'NONE',  ( 7.525634833701304593, 15.00000000000000000, 182.2214043947201958 ) ) ;
#3067 = VECTOR ( 'NONE', #472, 1000.000000000000000 ) ;
#3068 = CIRCLE ( 'NONE', #650, 2.649999999999999467 ) ;
#3069 = CARTESIAN_POINT ( 'NONE',  ( 30.73539397255677486, 1.999999999999977573, 162.9714043947263633 ) ) ;
#3070 = CARTESIAN_POINT ( 'NONE',  ( 30.42943429193652705, 13.11398119160499753, 4.776424921373402418E-15 ) ) ;
#3071 = EDGE_CURVE ( 'NONE', #2142, #433, #2053, .T. ) ;
#3072 = ORIENTED_EDGE ( 'NONE', *, *, #917, .F. ) ;
#3073 = CARTESIAN_POINT ( 'NONE',  ( 30.73539397255677841, 13.11398119160503484, 169.0665541646970667 ) ) ;
#3074 = ORIENTED_EDGE ( 'NONE', *, *, #478, .T. ) ;
#3075 = CARTESIAN_POINT ( 'NONE',  ( 8.420984155169874086, -11.31343563605331148, 110.2458229018692037 ) ) ;
#3076 = ORIENTED_EDGE ( 'NONE', *, *, #1546, .T. ) ;
#3077 = CARTESIAN_POINT ( 'NONE',  ( -15.26460602744323758, 3.499999999999348965, 65.44613581502387945 ) ) ;
#3078 = DIRECTION ( 'NONE',  ( -1.323822129430139202E-16, -0.7336731893943679861, -0.6795025026914145450 ) ) ;
#3079 = CARTESIAN_POINT ( 'NONE',  ( -15.26460602744323403, 3.499999999999565237, 90.62613581502390048 ) ) ;
#3080 = CARTESIAN_POINT ( 'NONE',  ( 24.73539397255682104, 15.00000000000000000, 181.9714043947262780 ) ) ;
#3081 = CARTESIAN_POINT ( 'NONE',  ( 16.73539397255682104, 15.00000000000000000, 181.9714043947262780 ) ) ;
#3082 = CARTESIAN_POINT ( 'NONE',  ( -5.264606027443223368, 15.00000000000000000, 167.2214043947202242 ) ) ;
#3083 = VERTEX_POINT ( 'NONE', #30 ) ;
#3084 = DIRECTION ( 'NONE',  ( 0.000000000000000000, -0.7336731893943667648, -0.6795025026914158772 ) ) ;
#3085 = ORIENTED_EDGE ( 'NONE', *, *, #209, .F. ) ;
#3086 = EDGE_CURVE ( 'NONE', #2142, #2070, #814, .T. ) ;
#3087 = AXIS2_PLACEMENT_3D ( 'NONE', #1235, #1913, #1990 ) ;
#3088 = ORIENTED_EDGE ( 'NONE', *, *, #2428, .T. ) ;
#3089 = EDGE_CURVE ( 'NONE', #1340, #111, #1278, .T. ) ;
#3090 = CARTESIAN_POINT ( 'NONE',  ( -5.264606027443223368, 13.11398119160503484, 164.9714043947263065 ) ) ;
#3091 = VERTEX_POINT ( 'NONE', #2589 ) ;
#3092 = EDGE_CURVE ( 'NONE', #1793, #1231, #2785, .T. ) ;
#3093 = LINE ( 'NONE', #1106, #2641 ) ;
#3094 = CARTESIAN_POINT ( 'NONE',  ( 5.932957044253064360, 3.499999999999132250, 10.65786812002865425 ) ) ;
#3095 = ORIENTED_EDGE ( 'NONE', *, *, #1928, .T. ) ;
#3096 = CARTESIAN_POINT ( 'NONE',  ( 7.525634833701304593, 15.00000000000000000, 167.2214043947202242 ) ) ;
#3097 = AXIS2_PLACEMENT_3D ( 'NONE', #1468, #1202, #2500 ) ;
#3098 = CARTESIAN_POINT ( 'NONE',  ( -15.26460602744322514, 1.999999999999978018, 162.9714043947263633 ) ) ;
#3099 = LINE ( 'NONE', #2380, #108 ) ;
#3100 = VERTEX_POINT ( 'NONE', #582 ) ;
#3101 = DIRECTION ( 'NONE',  ( 0.000000000000000000, 1.000000000000000000, 0.000000000000000000 ) ) ;
#3102 = ORIENTED_EDGE ( 'NONE', *, *, #3051, .T. ) ;
#3103 = CYLINDRICAL_SURFACE ( 'NONE', #3154, 2.249999999993923527 ) ;
#3104 = ORIENTED_EDGE ( 'NONE', *, *, #951, .T. ) ;
#3105 = VECTOR ( 'NONE', #919, 999.9999999999998863 ) ;
#3106 = EDGE_CURVE ( 'NONE', #2464, #3135, #1790, .T. ) ;
#3107 = DIRECTION ( 'NONE',  ( 1.000000000000000000, 0.000000000000000000, -1.286899466156778151E-16 ) ) ;
#3108 = DIRECTION ( 'NONE',  ( 5.935588108461891454E-16, -9.741112982886280969E-17, 1.000000000000000000 ) ) ;
#3109 = VERTEX_POINT ( 'NONE', #827 ) ;
#3110 = LINE ( 'NONE', #2846, #2331 ) ;
#3111 = VECTOR ( 'NONE', #1250, 1000.000000000000000 ) ;
#3112 = AXIS2_PLACEMENT_3D ( 'NONE', #304, #2328, #565 ) ;
#3113 = CARTESIAN_POINT ( 'NONE',  ( -15.26460602744324646, 0.000000000000000000, 1.253254279986792952 ) ) ;
#3114 = AXIS2_PLACEMENT_3D ( 'NONE', #2411, #2178, #1177 ) ;
#3115 = CARTESIAN_POINT ( 'NONE',  ( 17.00000000000000000, 3.499999999999130473, 22.14999999999999858 ) ) ;
#3116 = VERTEX_POINT ( 'NONE', #2558 ) ;
#3117 = DIRECTION ( 'NONE',  ( 0.000000000000000000, 1.000000000000000000, 0.000000000000000000 ) ) ;
#3118 = ORIENTED_EDGE ( 'NONE', *, *, #502, .T. ) ;
#3119 = ORIENTED_EDGE ( 'NONE', *, *, #1685, .T. ) ;
#3120 = ORIENTED_EDGE ( 'NONE', *, *, #856, .F. ) ;
#3121 = LINE ( 'NONE', #360, #1538 ) ;
#3122 = ADVANCED_FACE ( 'NONE', ( #322, #2345, #1330, #1028, #2803, #2525 ), #3034, .T. ) ;
#3123 = CARTESIAN_POINT ( 'NONE',  ( -15.26460602744324468, 13.11398119160416620, 19.56200197002865337 ) ) ;
#3124 = DIRECTION ( 'NONE',  ( -1.000000000000000000, -0.000000000000000000, 1.286899466156778151E-16 ) ) ;
#3125 = EDGE_LOOP ( 'NONE', ( #2961, #1081, #931 ) ) ;
#3126 = CARTESIAN_POINT ( 'NONE',  ( 30.73539397255675709, 3.499999999999130917, 28.46613581502389678 ) ) ;
#3127 = ADVANCED_FACE ( 'NONE', ( #1296, #273, #2082 ), #93, .F. ) ;
#3128 = CARTESIAN_POINT ( 'NONE',  ( 8.420984155169891849, 1.000000000000000000, 138.6569945773395602 ) ) ;
#3129 = EDGE_CURVE ( 'NONE', #782, #1875, #1311, .T. ) ;
#3130 = DIRECTION ( 'NONE',  ( 1.286899466156778151E-16, 0.000000000000000000, 1.000000000000000000 ) ) ;
#3131 = ORIENTED_EDGE ( 'NONE', *, *, #2554, .F. ) ;
#3132 = DIRECTION ( 'NONE',  ( 0.000000000000000000, 0.000000000000000000, 1.000000000000000000 ) ) ;
#3133 = ORIENTED_EDGE ( 'NONE', *, *, #1589, .F. ) ;
#3134 = ORIENTED_EDGE ( 'NONE', *, *, #860, .F. ) ;
#3135 = VERTEX_POINT ( 'NONE', #3098 ) ;
#3136 = DIRECTION ( 'NONE',  ( 0.000000000000000000, 0.000000000000000000, 1.000000000000000000 ) ) ;
#3137 = AXIS2_PLACEMENT_3D ( 'NONE', #2332, #81, #2298 ) ;
#3138 = CARTESIAN_POINT ( 'NONE',  ( 7.525634833701304593, 15.00000000000000000, 164.9714043947263065 ) ) ;
#3139 = LINE ( 'NONE', #3172, #2510 ) ;
#3140 = VERTEX_POINT ( 'NONE', #1045 ) ;
#3141 = CARTESIAN_POINT ( 'NONE',  ( -5.264606027443223368, 1.999999999999497069, 164.9714043947263065 ) ) ;
#3142 = PLANE ( 'NONE',  #2907 ) ;
#3143 = ADVANCED_FACE ( 'NONE', ( #1091, #47, #552, #2095, #2315 ), #796, .T. ) ;
#3144 = VECTOR ( 'NONE', #758, 1000.000000000000000 ) ;
#3145 = LINE ( 'NONE', #893, #1650 ) ;
#3146 = EDGE_LOOP ( 'NONE', ( #676, #1497, #1383, #2740 ) ) ;
#3147 = ADVANCED_FACE ( 'NONE', ( #64 ), #1772, .F. ) ;
#3148 = CARTESIAN_POINT ( 'NONE',  ( 0.000000000000000000, 15.00000000000000000, 0.000000000000000000 ) ) ;
#3149 = ORIENTED_EDGE ( 'NONE', *, *, #1063, .T. ) ;
#3150 = VERTEX_POINT ( 'NONE', #1458 ) ;
#3151 = ORIENTED_EDGE ( 'NONE', *, *, #1867, .T. ) ;
#3152 = DIRECTION ( 'NONE',  ( 0.000000000000000000, 0.000000000000000000, 1.000000000000000000 ) ) ;
#3153 = AXIS2_PLACEMENT_3D ( 'NONE', #1791, #1279, #1562 ) ;
#3154 = AXIS2_PLACEMENT_3D ( 'NONE', #1568, #1370, #2856 ) ;
#3155 = DIRECTION ( 'NONE',  ( -1.000000000000000000, -0.000000000000000000, 1.286899466156778151E-16 ) ) ;
#3156 = LINE ( 'NONE', #2005, #1933 ) ;
#3157 = ORIENTED_EDGE ( 'NONE', *, *, #2465, .F. ) ;
#3158 = LINE ( 'NONE', #122, #2849 ) ;
#3159 = VECTOR ( 'NONE', #2609, 999.9999999999998863 ) ;
#3160 = CARTESIAN_POINT ( 'NONE',  ( 8.420984155169868757, 3.499999999999566125, 96.52613581502389195 ) ) ;
#3161 = EDGE_CURVE ( 'NONE', #3167, #753, #2210, .T. ) ;
#3162 = VERTEX_POINT ( 'NONE', #1919 ) ;
#3163 = VECTOR ( 'NONE', #1218, 1000.000000000000000 ) ;
#3164 = VECTOR ( 'NONE', #875, 1000.000000000000000 ) ;
#3165 = DIRECTION ( 'NONE',  ( -0.000000000000000000, -9.741112982886280969E-17, 1.000000000000000000 ) ) ;
#3166 = ORIENTED_EDGE ( 'NONE', *, *, #1686, .F. ) ;
#3167 = VERTEX_POINT ( 'NONE', #2931 ) ;
#3168 = ORIENTED_EDGE ( 'NONE', *, *, #1729, .F. ) ;
#3169 = CARTESIAN_POINT ( 'NONE',  ( 0.000000000000000000, 15.00000000000000000, 0.000000000000000000 ) ) ;
#3170 = EDGE_CURVE ( 'NONE', #2633, #1476, #2430, .T. ) ;
#3171 = CARTESIAN_POINT ( 'NONE',  ( -15.26460602744323936, 13.11398119160438114, 56.54200197002863604 ) ) ;
#3172 = CARTESIAN_POINT ( 'NONE',  ( 8.420984155169865204, 60.80223251542150820, 96.23656535151320668 ) ) ;
#3173 = ORIENTED_EDGE ( 'NONE', *, *, #475, .T. ) ;
#3174 = LINE ( 'NONE', #199, #1961 ) ;
#3175 = CARTESIAN_POINT ( 'NONE',  ( 17.00000000000000000, 15.00000000000000000, 20.00000000000000000 ) ) ;
#3176 = EDGE_LOOP ( 'NONE', ( #15, #2184, #2407, #1935 ) ) ;
#3177 = APPLICATION_PROTOCOL_DEFINITION ( 'draft international standard', 'automotive_design', 1998, #425 ) ;
#3178 = DIRECTION ( 'NONE',  ( 0.000000000000000000, 0.000000000000000000, -1.000000000000000000 ) ) ;
#3179 = VERTEX_POINT ( 'NONE', #1210 ) ;
#3180 = ORIENTED_EDGE ( 'NONE', *, *, #1689, .T. ) ;
#3181 = ORIENTED_EDGE ( 'NONE', *, *, #1845, .T. ) ;
#3182 = CARTESIAN_POINT ( 'NONE',  ( 6.494858427310009397, 1.999999999999977129, 162.9714043947263633 ) ) ;
#3183 = EDGE_CURVE ( 'NONE', #3224, #2138, #2457, .T. ) ;
#3184 = ADVANCED_FACE ( 'NONE', ( #1443 ), #189, .F. ) ;
#3185 = ADVANCED_FACE ( 'NONE', ( #203 ), #2446, .F. ) ;
#3186 = LINE ( 'NONE', #1666, #2620 ) ;
#3187 = EDGE_CURVE ( 'NONE', #1683, #981, #1673, .T. ) ;
#3188 = ORIENTED_EDGE ( 'NONE', *, *, #2314, .F. ) ;
#3189 = FACE_OUTER_BOUND ( 'NONE', #244, .T. ) ;
#3190 = VECTOR ( 'NONE', #1575, 1000.000000000000000 ) ;
#3191 = DIRECTION ( 'NONE',  ( 0.000000000000000000, 0.000000000000000000, 1.000000000000000000 ) ) ;
#3192 = ORIENTED_EDGE ( 'NONE', *, *, #1322, .F. ) ;
#3193 = FACE_OUTER_BOUND ( 'NONE', #2181, .T. ) ;
#3194 = CARTESIAN_POINT ( 'NONE',  ( 0.000000000000000000, 0.000000000000000000, -2.149999999999999911 ) ) ;
#3195 = ORIENTED_EDGE ( 'NONE', *, *, #494, .F. ) ;
#3196 = CIRCLE ( 'NONE', #3097, 2.249999999993923527 ) ;
#3197 = VECTOR ( 'NONE', #2336, 1000.000000000000000 ) ;
#3198 = ORIENTED_EDGE ( 'NONE', *, *, #1986, .T. ) ;
#3199 = ORIENTED_EDGE ( 'NONE', *, *, #2304, .F. ) ;
#3200 = DIRECTION ( 'NONE',  ( -1.131306760593314345E-15, -0.6795025024858365459, -0.7336731895847671270 ) ) ;
#3201 = CARTESIAN_POINT ( 'NONE',  ( 8.420984155169874086, 42.51313999019404122, 108.9504768133773780 ) ) ;
#3202 = DIRECTION ( 'NONE',  ( -0.000000000000000000, -1.000000000000000000, -0.000000000000000000 ) ) ;
#3203 = EDGE_CURVE ( 'NONE', #264, #1084, #957, .T. ) ;
#3204 = ORIENTED_EDGE ( 'NONE', *, *, #1388, .T. ) ;
#3205 = FACE_OUTER_BOUND ( 'NONE', #2232, .T. ) ;
#3206 = DIRECTION ( 'NONE',  ( 0.000000000000000000, 0.7336731895847693474, -0.6795025024858341034 ) ) ;
#3207 = ORIENTED_EDGE ( 'NONE', *, *, #2329, .F. ) ;
#3208 = CARTESIAN_POINT ( 'NONE',  ( 8.420984155169835006, 15.00000000000000000, 42.21183419698265027 ) ) ;
#3209 = CARTESIAN_POINT ( 'NONE',  ( 17.00000000000000000, 3.499999999999130473, 20.00000000000000000 ) ) ;
#3210 = ORIENTED_EDGE ( 'NONE', *, *, #3009, .F. ) ;
#3211 = ORIENTED_EDGE ( 'NONE', *, *, #972, .F. ) ;
#3212 = VECTOR ( 'NONE', #369, 1000.000000000000000 ) ;
#3213 = ORIENTED_EDGE ( 'NONE', *, *, #1287, .T. ) ;
#3214 = FACE_OUTER_BOUND ( 'NONE', #1582, .T. ) ;
#3215 = VECTOR ( 'NONE', #1293, 1000.000000000000000 ) ;
#3216 = STYLED_ITEM ( 'NONE', ( #2188 ), #2858 ) ;
#3217 = EDGE_LOOP ( 'NONE', ( #1030, #642, #149 ) ) ;
#3218 = CARTESIAN_POINT ( 'NONE',  ( -15.26460602744324291, 13.11398119160416442, 25.46200197002864130 ) ) ;
#3219 = LINE ( 'NONE', #949, #2466 ) ;
#3220 = EDGE_LOOP ( 'NONE', ( #1134, #169, #968, #2338 ) ) ;
#3221 = CARTESIAN_POINT ( 'NONE',  ( 7.525634833701304593, 15.00000000000000000, 179.9714043947263065 ) ) ;
#3222 = LINE ( 'NONE', #2732, #810 ) ;
#3223 = VECTOR ( 'NONE', #2755, 1000.000000000000000 ) ;
#3224 = VERTEX_POINT ( 'NONE', #2966 ) ;
#3225 = DIRECTION ( 'NONE',  ( -1.541976423090495633E-15, 0.000000000000000000, -1.000000000000000000 ) ) ;
#3226 = ADVANCED_FACE ( 'NONE', ( #3193 ), #2700, .F. ) ;
#3227 = CARTESIAN_POINT ( 'NONE',  ( 30.51028535536593012, 3.499999999999131806, 10.65786812002865069 ) ) ;
#3228 = EDGE_CURVE ( 'NONE', #1366, #1896, #942, .T. ) ;
#3229 = EDGE_LOOP ( 'NONE', ( #2231, #695 ) ) ;
#3230 = VERTEX_POINT ( 'NONE', #683 ) ;
#3231 = ORIENTED_EDGE ( 'NONE', *, *, #920, .T. ) ;
#3232 = DIRECTION ( 'NONE',  ( -0.000000000000000000, -1.000000000000000000, -0.000000000000000000 ) ) ;
#3233 = DIRECTION ( 'NONE',  ( -4.033246973425013136E-16, 0.7336731895847694584, -0.6795025024858341034 ) ) ;
#3234 = EDGE_LOOP ( 'NONE', ( #1473, #1333, #3213, #1119 ) ) ;
#3235 = CARTESIAN_POINT ( 'NONE',  ( 8.420984155169891849, 3.500000000000001332, 138.6569945773395602 ) ) ;
#3236 = CARTESIAN_POINT ( 'NONE',  ( 11.06704295574693475, 3.499999999999132250, 10.65786812002865425 ) ) ;
#3237 = ORIENTED_EDGE ( 'NONE', *, *, #1034, .T. ) ;
#3238 = DIRECTION ( 'NONE',  ( -0.000000000000000000, -1.000000000000000000, -0.000000000000000000 ) ) ;
#3239 = CARTESIAN_POINT ( 'NONE',  ( 30.73539397255676775, 3.499999999999781952, 103.8978681200286616 ) ) ;
#3240 = CARTESIAN_POINT ( 'NONE',  ( 8.556411240092600679, 1.999999999999977129, 162.9714043947263633 ) ) ;
#3241 = DIRECTION ( 'NONE',  ( -0.000000000000000000, -1.000000000000000000, -0.000000000000000000 ) ) ;
#3242 = VECTOR ( 'NONE', #1088, 1000.000000000000000 ) ;
#3243 = CARTESIAN_POINT ( 'NONE',  ( 8.420984155169859875, 13.11398119160459963, 81.72200197002865707 ) ) ;
#3244 = CARTESIAN_POINT ( 'NONE',  ( 17.00000000000000000, 3.499999999999130473, 20.00000000000000000 ) ) ;
#3245 = ADVANCED_FACE ( 'NONE', ( #974 ), #1721, .F. ) ;
#3246 = EDGE_CURVE ( 'NONE', #1067, #1482, #2899, .T. ) ;
#3247 = ORIENTED_EDGE ( 'NONE', *, *, #3203, .T. ) ;
ENDSEC;
END-ISO-10303-21;
